artist,days,avg_days,median_danceability,median_energy,median_loudness,median_speechiness,median_acousticness,median_liveness,median_valence,median_tempo,cluster
Migos,3227.0,76.83333333333333,0.8365,0.669,-5.681000000000001,0.154,0.0795,0.1325,0.35050000000000003,137.48,4
Drake,6877.0,76.41111111111111,0.72,0.537,-7.7055,0.1735,0.11599999999999999,0.1225,0.3525,118.99000000000001,9
The Weeknd,2926.0,68.04651162790698,0.56,0.611,-7.015,0.0641,0.131,0.125,0.252,119.829,9
The Chainsmokers,2577.0,80.53125,0.616,0.6285000000000001,-6.6005,0.04265,0.058649999999999994,0.15050000000000002,0.398,104.47550000000001,7
Rae Sremmurd,1147.0,76.46666666666667,0.8029999999999999,0.632,-5.193,0.0649,0.0544,0.111,0.264,131.986,4
DRAM,431.0,107.75,0.81,0.671,-6.227,0.1305,0.1325,0.1775,0.66,144.577,7
Aminé,561.0,93.5,0.7665,0.4095,-8.2945,0.247,0.1665,0.176,0.7510000000000001,128.893,7
DJ Snake,578.0,72.25,0.768,0.7575000000000001,-4.33,0.040499999999999994,0.0801,0.0968,0.41600000000000004,104.95100000000001,4
Big Sean,1222.0,42.13793103448276,0.62,0.611,-7.564,0.25,0.187,0.18600000000000003,0.336,96.634,7
Bruno Mars,946.0,236.5,0.761,0.6884999999999999,-4.9190000000000005,0.06255,0.026250000000000002,0.0887,0.746,120.518,4
Machine Gun Kelly,464.0,46.4,0.6665000000000001,0.7310000000000001,-4.7875,0.10264999999999999,0.0208,0.1835,0.291,133.45799999999997,7
21 Savage,2397.0,61.46153846153846,0.845,0.47200000000000003,-8.012,0.34299999999999997,0.0723,0.11800000000000001,0.243,139.996,9
ZAYN,666.0,66.6,0.4955,0.567,-6.311,0.048549999999999996,0.10899999999999999,0.0953,0.305,119.4625,9
Maroon 5,1271.0,115.54545454545455,0.7070000000000001,0.603,-5.569,0.0555,0.228,0.10099999999999999,0.44799999999999995,110.001,9
Rob $tone,256.0,256.0,0.8859999999999999,0.42700000000000005,-10.027999999999999,0.145,0.0312,0.0906,0.23,108.03399999999999,2
J. Cole,2559.0,94.77777777777777,0.7190000000000001,0.49700000000000005,-8.465,0.32,0.281,0.122,0.469,100.0,2
Young M.A,77.0,38.5,0.7475,0.677,-4.4639999999999995,0.40800000000000003,0.28689999999999993,0.14700000000000002,0.359,125.5385,7
Chance the Rapper,1105.0,24.555555555555557,0.705,0.598,-7.267,0.29100000000000004,0.177,0.109,0.565,124.456,9
Hailee Steinfeld,892.0,127.42857142857143,0.6629999999999999,0.615,-5.529,0.0647,0.0337,0.0853,0.41700000000000004,102.986,9
Ariana Grande,3518.0,87.95,0.6665,0.6025,-5.8870000000000005,0.0626,0.1,0.11599999999999999,0.42800000000000005,116.979,9
Shawn Mendes,1472.0,70.0952380952381,0.706,0.54,-6.76,0.0827,0.255,0.10800000000000001,0.601,116.947,9
Martin Garrix,681.0,61.90909090909091,0.532,0.639,-6.976,0.0412,0.129,0.14,0.221,128.03799999999998,9
Justin Timberlake,419.0,19.952380952380953,0.7070000000000001,0.62,-6.6339999999999995,0.0517,0.10300000000000001,0.183,0.574,113.01899999999999,7
Fifth Harmony,217.0,43.4,0.5920000000000001,0.525,-6.297999999999999,0.0439,0.10300000000000001,0.128,0.401,124.008,9
Twenty One Pilots,691.0,38.388888888888886,0.708,0.6045,-7.294499999999999,0.04675,0.0794,0.109,0.47250000000000003,110.99349999999998,9
Lil Uzi Vert,4621.0,78.32203389830508,0.775,0.6579999999999999,-6.057,0.213,0.0715,0.155,0.49,135.879,7
Calvin Harris,1019.0,59.94117647058823,0.7759999999999999,0.785,-3.87,0.0545,0.152,0.14800000000000002,0.606,116.00299999999999,4
James Arthur,829.0,165.8,0.529,0.557,-6.164,0.0574,0.237,0.0902,0.479,107.969,9
Young Thug,1925.0,39.285714285714285,0.852,0.531,-8.052999999999999,0.215,0.0247,0.135,0.43,138.049,9
KYLE,709.0,141.8,0.746,0.584,-6.745,0.14,0.121,0.297,0.6759999999999999,156.572,1
Sia,217.0,19.727272727272727,0.628,0.703,-5.608,0.0817,0.034,0.0894,0.561,112.009,4
Rihanna,474.0,118.5,0.6890000000000001,0.5855,-5.534,0.07585,0.08075,0.0872,0.46799999999999997,117.90950000000001,9
Desiigner,287.0,47.833333333333336,0.6845000000000001,0.728,-5.1105,0.21799999999999997,0.0698,0.2925,0.33,132.04399999999998,1
Alessia Cara,151.0,25.166666666666668,0.5475,0.5974999999999999,-6.5275,0.126,0.0692,0.2865,0.44400000000000006,133.926,1
Adele,123.0,30.75,0.5740000000000001,0.48750000000000004,-7.455,0.05255,0.18875,0.10650000000000001,0.3805,126.47400000000002,2
John Legend,79.0,15.8,0.488,0.7070000000000001,-6.276,0.0865,0.591,0.125,0.5820000000000001,123.889,2
Justin Bieber,619.0,25.791666666666668,0.6565,0.53,-6.878,0.04585,0.40199999999999997,0.118,0.617,134.483,2
Zay Hilfigerrr,35.0,35.0,0.807,0.887,-3.892,0.275,0.00381,0.391,0.78,160.517,3
The Jackson 5,53.0,13.25,0.6395,0.621,-11.3225,0.05065,0.291,0.26,0.909,137.803,5
DNCE,4.0,2.0,0.773,0.7485,-5.6240000000000006,0.04575,0.10385,0.061149999999999996,0.8779999999999999,119.5335,4
Future,2371.0,22.1588785046729,0.799,0.561,-6.9510000000000005,0.215,0.0613,0.149,0.32899999999999996,140.064,7
Travis Scott,4280.0,178.33333333333334,0.7090000000000001,0.6185,-5.3905,0.05565,0.07625,0.1535,0.269,140.4795,7
Childish Gambino,861.0,47.833333333333336,0.6859999999999999,0.505,-9.7225,0.11499999999999999,0.158,0.11599999999999999,0.3605,118.3685,2
Steve Aoki,120.0,40.0,0.647,0.866,-3.517,0.0585,0.0702,0.72,0.387,96.09700000000001,8
Michael Jackson,21.0,5.25,0.8315,0.8334999999999999,-4.269,0.0465,0.08505,0.475,0.8434999999999999,118.49100000000001,3
Clean Bandit,594.0,148.5,0.7135,0.6325000000000001,-4.5635,0.048549999999999996,0.279,0.159,0.511,105.0035,7
Marvin Gaye,8.0,8.0,0.6629999999999999,0.6,-10.87,0.032,0.43,0.184,0.8,129.991,2
Lil Wayne,835.0,17.76595744680851,0.743,0.639,-5.372999999999999,0.28,0.14300000000000002,0.152,0.535,122.07799999999999,7
Shakira,156.0,22.285714285714285,0.775,0.8220000000000001,-4.862,0.0776,0.187,0.20199999999999999,0.868,107.661,1
Foster The People,18.0,6.0,0.68,0.738,-4.976,0.0292,0.145,0.37,0.675,105.015,3
G-Eazy,1027.0,51.35,0.7635000000000001,0.718,-5.2055,0.2425,0.06525,0.1285,0.366,115.02000000000001,4
DJ ESCO,53.0,26.5,0.9285,0.5895,-6.544500000000001,0.18730000000000002,0.04965,0.1635,0.3425,136.5,7
Sage The Gemini,64.0,64.0,0.7809999999999999,0.57,-5.874,0.188,0.273,0.196,0.858,107.059,7
Mike Posner,92.0,23.0,0.7115,0.776,-4.5865,0.07669999999999999,0.188,0.09665,0.614,101.987,4
Pharrell Williams,23.0,11.5,0.739,0.7675000000000001,-4.154,0.1385,0.2,0.07400000000000001,0.8260000000000001,146.06400000000002,4
Jon Bellion,159.0,26.5,0.507,0.527,-7.47,0.0539,0.0677,0.1665,0.5680000000000001,115.758,7
Lil Yachty,452.0,12.914285714285715,0.835,0.59,-6.982,0.273,0.105,0.129,0.322,131.077,9
M.I.A.,3.0,3.0,0.447,0.848,-6.175,0.222,0.033,0.722,0.485,172.247,8
David Guetta,219.0,21.9,0.6805000000000001,0.791,-4.3469999999999995,0.057800000000000004,0.051500000000000004,0.133,0.48050000000000004,126.02700000000002,4
Queen,796.0,113.71428571428571,0.5670000000000001,0.65,-7.316,0.0565,0.28800000000000003,0.215,0.473,113.809,7
Post Malone,10513.0,244.48837209302326,0.652,0.653,-5.046,0.0555,0.215,0.131,0.331,130.218,9
The Vamps,96.0,96.0,0.54,0.8029999999999999,-5.194,0.0358,0.00403,0.33,0.501,144.997,1
Cashmere Cat,150.0,37.5,0.46499999999999997,0.5625,-7.3065,0.10575000000000001,0.1775,0.112,0.32899999999999996,93.4695,2
gnash,86.0,86.0,0.49200000000000005,0.275,-13.4,0.3,0.687,0.10099999999999999,0.18,92.6,0
Kodak Black,2721.0,90.7,0.7665,0.616,-6.022,0.2685,0.10579999999999999,0.1205,0.4545,139.02300000000002,9
Bryson Tiller,1037.0,43.208333333333336,0.6495,0.5055000000000001,-7.6259999999999994,0.22100000000000003,0.115,0.12,0.42150000000000004,121.8075,9
Ugly God,148.0,29.6,0.813,0.312,-11.902000000000001,0.337,0.302,0.0962,0.184,89.484,6
Daryl Hall & John Oates,51.0,17.0,0.6659999999999999,0.6829999999999999,-6.644,0.0552,0.461,0.0935,0.84,167.058,9
Flume,84.0,14.0,0.586,0.6399999999999999,-5.1085,0.06915,0.2715,0.14150000000000001,0.35750000000000004,126.55099999999999,9
Nevada,13.0,13.0,0.711,0.882,-4.276,0.0576,0.0626,0.226,0.56,106.01700000000001,1
Kiiara,81.0,20.25,0.748,0.479,-6.968500000000001,0.11095,0.38249999999999995,0.11900000000000001,0.5405,110.543,2
Macklemore & Ryan Lewis,8.0,4.0,0.7109999999999999,0.724,-5.721,0.1858,0.0455,0.06595,0.7545,120.535,4
PnB Rock,518.0,57.55555555555556,0.703,0.642,-5.84,0.0729,0.114,0.114,0.374,141.903,9
AJR,307.0,61.4,0.648,0.639,-4.938,0.0507,0.0465,0.161,0.698,139.918,7
PARTYNEXTDOOR,243.0,13.5,0.683,0.48050000000000004,-7.7965,0.05655,0.22549999999999998,0.105,0.405,113.6425,2
The Beatles,3.0,1.5,0.5195000000000001,0.6945000000000001,-9.841000000000001,0.03995,0.33744999999999997,0.11019999999999999,0.6655,126.901,2
Noah Cyrus,284.0,94.66666666666667,0.664,0.47100000000000003,-7.287000000000001,0.0422,0.5920000000000001,0.0779,0.209,119.973,2
Kanye West,853.0,34.12,0.617,0.573,-5.672999999999999,0.136,0.12300000000000001,0.187,0.39299999999999996,98.008,7
fun.,2.0,2.0,0.37799999999999995,0.638,-5.5760000000000005,0.075,0.02,0.0849,0.735,184.08599999999998,9
Aretha Franklin,16.0,2.2857142857142856,0.65,0.473,-10.817,0.0389,0.249,0.0803,0.629,110.962,2
Meek Mill,821.0,24.147058823529413,0.6675,0.7020000000000001,-5.287,0.2395,0.053599999999999995,0.1775,0.34450000000000003,95.047,7
Charlie Puth,645.0,58.63636363636363,0.7490000000000001,0.604,-5.6579999999999995,0.0778,0.314,0.111,0.632,114.96600000000001,9
Stevie Wonder,27.0,9.0,0.633,0.6940000000000001,-8.552999999999999,0.0338,0.038,0.0805,0.813,100.499,9
MadeinTYO,299.0,99.66666666666667,0.831,0.47,-7.48,0.28,0.0371,0.14400000000000002,0.299,139.951,9
Petit Biscuit,87.0,87.0,0.7829999999999999,0.467,-9.474,0.0503,0.7290000000000001,0.109,0.23600000000000002,90.838,6
Paul Simon,3.0,1.5,0.701,0.7895,-9.3585,0.09175,0.2095,0.0905,0.8089999999999999,116.88149999999999,9
AC/DC,9.0,4.5,0.5525,0.84,-5.151,0.0947,0.030985,0.273,0.5885,121.53800000000001,1
Bee Gees,2.0,2.0,0.703,0.826,-7.178999999999999,0.0341,0.0322,0.179,0.945,103.564,7
San Holo,53.0,53.0,0.57,0.763,-4.137,0.0573,0.0857,0.0932,0.43,150.088,4
Van Morrison,6.0,6.0,0.491,0.583,-10.964,0.0376,0.182,0.40700000000000003,0.907,150.572,5
Carly Rae Jepsen,3.0,1.0,0.71,0.633,-6.547000000000001,0.0408,0.0135,0.10800000000000001,0.648,120.021,9
Flo Rida,96.0,48.0,0.7369999999999999,0.778,-4.5195,0.0511,0.047200000000000006,0.1535,0.7135,99.542,4
Skrillex,72.0,36.0,0.555,0.9045000000000001,-2.9755000000000003,0.0943,0.004900000000000001,0.5745,0.19505,136.6575,3
Lukas Graham,44.0,44.0,0.765,0.473,-5.829,0.0514,0.287,0.391,0.34,119.992,5
The Temptations,2.0,2.0,0.5720000000000001,0.418,-10.738,0.0349,0.635,0.0961,0.6940000000000001,104.566,6
Nebu Kiniza,188.0,188.0,0.7979999999999999,0.568,-9.072000000000001,0.135,0.0213,0.0586,0.45,148.88,9
FRENSHIP,38.0,38.0,0.6829999999999999,0.708,-6.244,0.0305,0.0398,0.6859999999999999,0.355,92.991,8
Zara Larsson,234.0,46.8,0.665,0.6990000000000001,-5.265,0.0617,0.0853,0.0839,0.585,101.976,4
JAY-Z,39.0,19.5,0.7375,0.8260000000000001,-4.898,0.2405,0.09365,0.465,0.76,123.536,3
Luke Christopher,49.0,49.0,0.405,0.846,-3.57,0.195,0.0948,0.0666,0.602,82.23200000000001,4
Nicki Minaj,519.0,21.625,0.808,0.6970000000000001,-5.324999999999999,0.1995,0.08860000000000001,0.1365,0.473,134.0105,4
O.T. Genasis,1.0,1.0,0.875,0.6729999999999999,-4.184,0.0932,0.135,0.292,0.231,130.0,1
Russ,1093.0,52.04761904761905,0.738,0.635,-6.529,0.20600000000000002,0.132,0.109,0.39799999999999996,108.98200000000001,9
Tory Lanez,528.0,14.666666666666666,0.669,0.647,-7.093,0.22999999999999998,0.08499999999999999,0.1485,0.373,119.936,7
Coldplay,35.0,3.888888888888889,0.503,0.7120000000000001,-6.412000000000001,0.0357,0.0254,0.109,0.252,108.897,9
Jeremih,51.0,25.5,0.5705,0.6135,-6.1875,0.08315,0.1109,0.1215,0.479,89.2835,9
A Boogie Wit da Hoodie,2130.0,50.714285714285715,0.729,0.6165,-6.531499999999999,0.165,0.2365,0.11349999999999999,0.4445,128.8375,9
Marc E. Bassy,33.0,16.5,0.496,0.6395,-7.1265,0.304,0.07715,0.13065,0.657,90.912,7
The Clash,2.0,2.0,0.742,0.833,-6.462999999999999,0.115,0.079,0.384,0.816,113.375,3
Vice,102.0,34.0,0.779,0.6509999999999999,-5.829,0.0814,0.0601,0.115,0.65,104.95299999999999,4
Otis Redding,1.0,1.0,0.883,0.46399999999999997,-11.251,0.0591,0.27899999999999997,0.0744,0.925,111.54799999999999,2
Fetty Wap,8.0,4.0,0.6819999999999999,0.795,-4.7705,0.223,0.01348,0.4895,0.71,169.0625,3
Chris Brown,748.0,62.333333333333336,0.6904999999999999,0.6225,-5.481999999999999,0.11080000000000001,0.12100000000000001,0.125,0.483,114.36500000000001,9
Jonas Blue,254.0,63.5,0.693,0.789,-3.9845000000000006,0.03725,0.19499999999999998,0.08985,0.601,105.03999999999999,4
Bebe Rexha,1172.0,130.22222222222223,0.63,0.618,-5.9079999999999995,0.052000000000000005,0.047,0.10400000000000001,0.401,97.005,9
Hearts & Colors,55.0,55.0,0.595,0.662,-6.858,0.0362,0.0178,0.0804,0.41700000000000004,96.053,9
Kevin Gates,40.0,6.666666666666667,0.731,0.7035,-5.347,0.1683,0.04575,0.1325,0.45199999999999996,138.953,4
2 Chainz,954.0,38.16,0.7959999999999999,0.615,-5.209,0.239,0.155,0.135,0.344,125.101,9
Sam Cooke,1.0,1.0,0.7709999999999999,0.522,-12.193,0.0368,0.5710000000000001,0.145,0.94,128.641,6
R. Kelly,10.0,10.0,0.795,0.523,-7.165,0.0423,0.061,0.0914,0.855,133.024,9
Phil Collins,1.0,1.0,0.619,0.934,-4.604,0.0336,0.0253,0.102,0.792,97.50200000000001,4
DJ Khaled,977.0,29.606060606060606,0.584,0.76,-4.706,0.245,0.0397,0.225,0.498,102.946,1
Gucci Mane,1390.0,38.611111111111114,0.8335,0.5760000000000001,-6.2075,0.1775,0.07239999999999999,0.11,0.4195,139.9915,9
Niall Horan,511.0,46.45454545454545,0.5920000000000001,0.555,-6.5489999999999995,0.0368,0.0395,0.11599999999999999,0.392,100.051,9
Robin Schulz,69.0,34.5,0.5680000000000001,0.7985,-5.638,0.0789,0.11499999999999999,0.1915,0.5814999999999999,122.00450000000001,7
DVBBS,55.0,55.0,0.7490000000000001,0.747,-6.457000000000001,0.121,0.0938,0.256,0.475,109.06299999999999,1
VÉRITÉ,43.0,43.0,0.674,0.593,-6.47,0.0582,0.201,0.209,0.46399999999999997,116.995,7
Martin Jensen,128.0,128.0,0.746,0.846,-2.432,0.048,0.0485,0.195,0.40299999999999997,114.955,4
Kid Cudi,10.0,10.0,0.6729999999999999,0.61,-8.386000000000001,0.191,0.606,0.11599999999999999,0.759,152.062,2
MiC LOWRY,24.0,24.0,0.27899999999999997,0.773,-6.718,0.0554,0.0194,0.0762,0.354,95.971,9
Keith Urban,60.0,30.0,0.6855,0.617,-6.891,0.0418,0.3397,0.1505,0.6164999999999999,107.23,7
Alok,52.0,52.0,0.778,0.46299999999999997,-7.603,0.0389,0.546,0.0731,0.496,121.999,2
The Lumineers,55.0,9.166666666666666,0.647,0.43999999999999995,-8.3145,0.03365,0.681,0.1007,0.36749999999999994,90.89950000000002,6
Nause,12.0,12.0,0.8109999999999999,0.8009999999999999,-6.0,0.0802,0.0548,0.0742,0.693,105.055,4
Eminem,1627.0,32.54,0.7475,0.745,-5.3015,0.277,0.09455,0.2925,0.5175000000000001,114.2175,1
State of Sound,7.0,7.0,0.706,0.674,-6.977,0.0337,0.11,0.0784,0.545,113.956,9
KREAM,37.0,37.0,0.675,0.937,-3.525,0.0509,0.152,0.154,0.5670000000000001,103.961,4
X Ambassadors,15.0,7.5,0.48800000000000004,0.6035,-7.0225,0.0492,0.08970000000000002,0.1033,0.285,103.523,9
Panic! At The Disco,867.0,57.8,0.517,0.878,-2.7289999999999996,0.0784,0.0375,0.21,0.602,126.444,1
James Bay,33.0,16.5,0.534,0.359,-9.039,0.03365,0.831,0.104,0.3805,143.728,6
James Hersey,8.0,8.0,0.8740000000000001,0.5920000000000001,-7.6770000000000005,0.0546,0.105,0.10300000000000001,0.644,119.984,9
Khalid,5066.0,144.74285714285713,0.652,0.483,-8.575,0.0541,0.212,0.11900000000000001,0.34600000000000003,105.03,2
Florida Georgia Line,444.0,63.42857142857143,0.45299999999999996,0.882,-3.945,0.0433,0.0791,0.15,0.585,146.665,4
Isaiah,72.0,72.0,0.433,0.745,-4.632,0.0377,0.221,0.0981,0.588,95.47200000000001,9
MØ,58.0,29.0,0.729,0.6715,-5.069,0.06725,0.20750000000000002,0.2253,0.4235,112.524,7
A$AP Mob,115.0,8.846153846153847,0.821,0.5670000000000001,-5.944,0.245,0.135,0.11699999999999999,0.33299999999999996,128.09,9
Yo Gotti,350.0,58.333333333333336,0.8725,0.6335,-6.026,0.3005,0.017150000000000002,0.1335,0.49850000000000005,134.9845,4
Olivia Holt,112.0,112.0,0.767,0.631,-6.7620000000000005,0.0541,0.0997,0.11900000000000001,0.541,100.96799999999999,9
Ed Sheeran,3149.0,76.8048780487805,0.68,0.649,-5.774,0.0522,0.251,0.12300000000000001,0.596,99.943,9
Tyga,719.0,59.916666666666664,0.8865000000000001,0.5814999999999999,-5.805,0.20800000000000002,0.0303,0.11850000000000001,0.4085,102.001,9
Stanaj,67.0,67.0,0.7509999999999999,0.647,-7.8870000000000005,0.24100000000000002,0.21100000000000002,0.265,0.355,104.022,1
Sam Hunt,656.0,59.63636363636363,0.635,0.644,-5.853,0.0471,0.23,0.135,0.413,105.941,9
Snakehips,90.0,45.0,0.6725,0.7484999999999999,-3.9935,0.1325,0.161,0.2995,0.46699999999999997,150.50549999999998,1
The xx,15.0,2.5,0.675,0.63,-8.277000000000001,0.03855,0.395,0.118,0.31599999999999995,125.52600000000001,2
Andrew McMahon in the Wilderness,1.0,1.0,0.593,0.898,-4.053999999999999,0.0616,0.0476,0.0906,0.7559999999999999,120.01899999999999,4
August Alsina,1.0,1.0,0.41100000000000003,0.327,-11.306,0.0827,0.6990000000000001,0.121,0.14400000000000002,118.435,6
Lauv,1651.0,82.55,0.6950000000000001,0.5075000000000001,-7.460000000000001,0.07035,0.3115,0.115,0.355,120.14099999999999,2
Joey Bada$$,109.0,9.909090909090908,0.693,0.703,-5.419,0.198,0.37799999999999995,0.133,0.418,100.986,9
Ryan Gosling,4.0,4.0,0.49200000000000005,0.11599999999999999,-15.15,0.0379,0.899,0.0889,0.434,111.787,0
A R I Z O N A,75.0,15.0,0.6629999999999999,0.6579999999999999,-7.414,0.045,0.11800000000000001,0.12300000000000001,0.32899999999999996,99.97200000000001,9
Halsey,1483.0,54.925925925925924,0.626,0.585,-6.103,0.0705,0.13699999999999998,0.131,0.447,129.966,9
Life of Dillon,1.0,1.0,0.852,0.601,-4.917,0.0299,0.145,0.10400000000000001,0.537,94.99,9
Tiësto,208.0,69.33333333333333,0.647,0.775,-4.09,0.045,0.157,0.0844,0.687,123.977,4
Grey,32.0,32.0,0.6970000000000001,0.767,-5.229,0.0949,0.368,0.11900000000000001,0.679,102.03399999999999,9
Julia Michaels,575.0,82.14285714285714,0.654,0.467,-6.598,0.0639,0.401,0.0853,0.455,137.935,2
Kendrick Lamar,3460.0,173.0,0.6675,0.5835,-7.1995000000000005,0.2315,0.1375,0.1535,0.42800000000000005,128.038,7
John Mayer,107.0,9.727272727272727,0.703,0.598,-7.778,0.0282,0.547,0.1,0.52,119.97,2
Wale,150.0,25.0,0.734,0.7225,-5.4215,0.20700000000000002,0.10065,0.16,0.6455,141.14249999999998,7
Maggie Rogers,6.0,2.0,0.7070000000000001,0.67,-6.1370000000000005,0.0357,0.21,0.109,0.282,112.993,9
Marian Hill,102.0,102.0,0.6779999999999999,0.35700000000000004,-14.712,0.128,0.675,0.124,0.0661,113.301,0
Sabrina Carpenter,154.0,51.333333333333336,0.72,0.659,-4.727,0.0478,0.0588,0.0671,0.5670000000000001,105.955,4
XXXTENTACION,7221.0,104.65217391304348,0.726,0.48100000000000004,-8.024,0.109,0.461,0.111,0.405,127.08,2
Thomas Gold,37.0,37.0,0.629,0.882,-5.231,0.0449,0.0502,0.0971,0.436,105.00399999999999,4
Kehlani,199.0,15.307692307692308,0.61,0.638,-5.353,0.15,0.259,0.196,0.514,118.00399999999999,7
Beyoncé,108.0,5.142857142857143,0.484,0.535,-8.37,0.085,0.272,0.196,0.35600000000000004,105.742,2
Jon Pardi,303.0,101.0,0.63,0.7959999999999999,-4.178999999999999,0.0285,0.0963,0.19699999999999998,0.618,95.999,1
Rick Ross,71.0,5.071428571428571,0.533,0.74,-5.138,0.263,0.012799999999999999,0.2625,0.33099999999999996,86.65599999999999,1
6LACK,676.0,48.285714285714285,0.6279999999999999,0.4525,-10.05,0.197,0.3815,0.1305,0.21300000000000002,124.03800000000001,6
Imagine Dragons,1972.0,98.6,0.587,0.6765000000000001,-5.814,0.0561,0.026250000000000002,0.134,0.29800000000000004,129.477,9
Blake Shelton,121.0,60.5,0.5449999999999999,0.8225,-4.8495,0.03895,0.0383,0.1115,0.497,151.966,4
Guns N' Roses,1.0,1.0,0.446,0.9520000000000001,-5.321000000000001,0.0523,0.0901,0.11199999999999999,0.624,125.303,4
Aaron Carter,64.0,64.0,0.737,0.731,-6.787000000000001,0.0358,0.12,0.0731,0.435,111.955,9
Tee Grizzley,683.0,97.57142857142857,0.851,0.7040000000000001,-6.382999999999999,0.233,0.237,0.149,0.56,99.061,7
Ayo & Teo,268.0,268.0,0.804,0.8859999999999999,-2.512,0.04,0.0837,0.266,0.789,144.946,1
Lady Gaga,657.0,50.53846153846154,0.6759999999999999,0.7390000000000001,-5.1080000000000005,0.0409,0.075,0.133,0.516,119.001,4
A$AP Rocky,486.0,23.142857142857142,0.655,0.632,-7.676,0.23800000000000002,0.299,0.138,0.355,135.391,2
Little Big Town,6.0,6.0,0.514,0.836,-3.6630000000000003,0.0381,0.11199999999999999,0.0878,0.501,143.888,4
Journey,56.0,56.0,0.491,0.802,-7.106,0.0392,0.25,0.387,0.47200000000000003,119.25,3
Oasis,2.0,2.0,0.37200000000000005,0.865,-4.918,0.0381,0.000453,0.23399999999999999,0.478,174.53,1
Sam Smith,1113.0,50.59090909090909,0.5505,0.39049999999999996,-8.1735,0.04325,0.602,0.1205,0.3325,106.94650000000001,6
Hozier,55.0,6.875,0.511,0.5745,-5.553,0.0416,0.14650000000000002,0.113,0.48350000000000004,114.16749999999999,9
Katy Perry,345.0,34.5,0.746,0.7725,-5.5945,0.0615,0.1345,0.11549999999999999,0.5675,122.013,4
Axwell /\ Ingrosso,140.0,70.0,0.6445,0.8045,-4.5015,0.092,0.16375,0.2155,0.6405000000000001,118.986,1
MAX,194.0,64.66666666666667,0.687,0.792,-5.622000000000001,0.0929,0.0632,0.10400000000000001,0.7709999999999999,145.034,4
Roy Woods,6.0,6.0,0.711,0.462,-7.132000000000001,0.055,0.47600000000000003,0.10800000000000001,0.294,84.04,2
Thomas Rhett,875.0,43.75,0.6025,0.6855,-5.7829999999999995,0.032,0.028749999999999998,0.14950000000000002,0.6245,112.00800000000001,7
Nick Jonas,15.0,3.75,0.664,0.6385000000000001,-5.348,0.11635000000000001,0.0732,0.08715,0.42099999999999993,108.4225,9
Prince,4.0,2.0,0.6325000000000001,0.36150000000000004,-11.33,0.06085,0.024399999999999998,0.36755000000000004,0.46549999999999997,112.2755,5
Ellie Goulding,580.0,96.66666666666667,0.6154999999999999,0.7505,-5.6739999999999995,0.056400000000000006,0.181,0.17350000000000002,0.513,127.01499999999999,7
Bon Iver,8.0,1.6,0.45299999999999996,0.36200000000000004,-11.154000000000002,0.0441,0.8440000000000001,0.127,0.18100000000000002,125.068,6
Christina Perri,1.0,1.0,0.42100000000000004,0.40700000000000003,-7.445,0.0267,0.309,0.11,0.161,139.028,2
TLC,1.0,1.0,0.743,0.675,-4.2669999999999995,0.0953,0.0251,0.0685,0.59,92.90899999999999,4
Vance Joy,7.0,1.1666666666666667,0.6375,0.7050000000000001,-6.3065,0.035,0.4155,0.12525,0.4865,109.11,9
Passenger,2.0,2.0,0.479,0.545,-7.346,0.0688,0.365,0.0963,0.243,74.89699999999999,2
The Goo Goo Dolls,1.0,1.0,0.315,0.715,-8.072000000000001,0.0362,0.00125,0.0942,0.49700000000000005,155.925,9
Ben Howard,1.0,1.0,0.545,0.485,-9.941,0.151,0.3,0.11900000000000001,0.341,80.40100000000001,2
Jack Johnson,1.0,1.0,0.868,0.34700000000000003,-9.529,0.0536,0.308,0.11,0.659,110.059,2
Kygo,915.0,53.8235294117647,0.685,0.66,-6.519,0.0748,0.193,0.11,0.434,114.01100000000001,9
NAV,1291.0,35.861111111111114,0.7735000000000001,0.5794999999999999,-6.9125,0.197,0.1895,0.1125,0.307,142.00900000000001,9
Linkin Park,125.0,4.464285714285714,0.5675,0.8635,-4.913,0.053700000000000005,0.01435,0.14250000000000002,0.449,110.0065,4
Lana Del Rey,223.0,7.964285714285714,0.4525,0.41100000000000003,-9.625,0.0402,0.614,0.11299999999999999,0.1935,115.416,6
Dua Lipa,1013.0,56.27777777777778,0.6864999999999999,0.7150000000000001,-4.585,0.0759,0.0364,0.14450000000000002,0.6355,114.0025,4
Zedd,1090.0,155.71428571428572,0.693,0.657,-5.025,0.047,0.271,0.11199999999999999,0.54,102.05,9
Jason Derulo,369.0,73.8,0.696,0.7090000000000001,-4.547,0.109,0.075,0.09699999999999999,0.62,98.064,4
Brett Young,333.0,111.0,0.603,0.536,-7.297000000000001,0.0297,0.396,0.0999,0.406,76.025,2
Lorde,306.0,23.53846153846154,0.594,0.43700000000000006,-9.977,0.0764,0.21899999999999997,0.107,0.253,106.99600000000001,2
YFN Lucci,246.0,123.0,0.752,0.6495,-4.696,0.0847,0.129,0.12390000000000001,0.598,155.95100000000002,4
Gryffin,51.0,8.5,0.5665,0.7775000000000001,-4.1995000000000005,0.0469,0.1185,0.1825,0.4825,130.548,7
Mike WiLL Made-It,163.0,32.6,0.741,0.635,-5.132999999999999,0.165,0.172,0.177,0.292,141.982,7
JP Cooper,82.0,82.0,0.614,0.615,-6.7,0.0444,0.054000000000000006,0.0921,0.374,95.941,9
Luke Combs,1833.0,87.28571428571429,0.5379999999999999,0.813,-5.372000000000001,0.0416,0.0397,0.226,0.623,129.999,1
The Notorious B.I.G.,4.0,1.3333333333333333,0.889,0.6970000000000001,-4.67,0.27399999999999997,0.43200000000000005,0.204,0.758,93.941,7
A$AP Ferg,471.0,58.875,0.7785,0.8035,-4.814,0.2705,0.032799999999999996,0.2165,0.40549999999999997,166.0365,1
Brett Eldredge,70.0,10.0,0.568,0.5720000000000001,-7.63,0.0366,0.621,0.13699999999999998,0.33399999999999996,88.865,2
Mustard,879.0,146.5,0.8425,0.552,-6.4595,0.10025,0.1815,0.10255,0.278,100.495,9
Stargate,1.0,1.0,0.37200000000000005,0.919,-1.68,0.3,0.0987,0.23399999999999999,0.419,182.785,1
Frank Ocean,169.0,21.125,0.6635,0.39149999999999996,-10.663499999999999,0.11725,0.807,0.1075,0.25,119.4655,6
Jax Jones,67.0,22.333333333333332,0.763,0.7290000000000001,-5.5520000000000005,0.166,0.10300000000000001,0.129,0.71,123.985,4
Weezer,3.0,1.0,0.53,0.784,-3.8569999999999998,0.0438,0.02,0.106,0.74,167.96400000000003,4
Dropkick Murphys,3.0,3.0,0.452,0.9279999999999999,-3.133,0.079,0.0007059999999999999,0.226,0.6,129.188,1
mansionz,1.0,1.0,0.868,0.39899999999999997,-5.245,0.1,0.0616,0.124,0.635,96.00399999999999,9
Chuck Berry,96.0,48.0,0.6074999999999999,0.7589999999999999,-9.869,0.08275,0.7765,0.19235,0.9630000000000001,160.0575,2
Gorillaz,73.0,3.4761904761904763,0.64,0.792,-5.893,0.0791,0.0409,0.21100000000000002,0.5670000000000001,120.12200000000001,1
blackbear,819.0,51.1875,0.7455,0.623,-6.369,0.0567,0.07425,0.1255,0.5355,113.497,9
Trey Songz,50.0,25.0,0.6579999999999999,0.539,-6.138,0.0809,0.18555,0.17895,0.247,135.678,7
Logic,1873.0,31.216666666666665,0.7444999999999999,0.7905,-5.795999999999999,0.136,0.11299999999999999,0.121,0.5694999999999999,130.0095,4
Cheat Codes,286.0,95.33333333333333,0.5670000000000001,0.644,-5.699,0.0575,0.0454,0.105,0.29600000000000004,140.03799999999998,9
Little Mix,114.0,57.0,0.6805,0.786,-3.772,0.0793,0.1045,0.24189999999999998,0.6755,88.41149999999999,1
WizKid,4.0,4.0,0.825,0.45299999999999996,-7.428999999999999,0.22699999999999998,0.127,0.0838,0.496,99.97399999999999,9
alt-J,1.0,1.0,0.495,0.745,-5.475,0.035,0.142,0.19399999999999998,0.589,143.398,7
Maggie Lindemann,142.0,142.0,0.703,0.868,-4.6610000000000005,0.0291,0.15,0.10400000000000001,0.733,121.03,4
Josh Turner,56.0,56.0,0.502,0.792,-5.473,0.0335,0.304,0.14300000000000002,0.44,155.90200000000002,7
Jason Aldean,252.0,84.0,0.536,0.698,-4.817,0.0306,0.294,0.11,0.499,132.025,9
Harry Styles,946.0,43.0,0.5509999999999999,0.608,-6.515000000000001,0.0327,0.186,0.12,0.397,112.02350000000001,9
French Montana,794.0,72.18181818181819,0.726,0.769,-4.69,0.127,0.0235,0.126,0.524,111.96700000000001,4
Lord Huron,183.0,91.5,0.3985,0.6459999999999999,-6.9435,0.0934,0.677,0.37299999999999994,0.157,120.001,5
Playboi Carti,942.0,47.1,0.748,0.655,-6.1225000000000005,0.189,0.0309,0.164,0.44499999999999995,142.527,7
Luis Fonsi,452.0,226.0,0.6930000000000001,0.854,-3.997,0.10435,0.1328,0.11684999999999998,0.7455,137.037,4
Paramore,36.0,7.2,0.7340000000000001,0.8140000000000001,-5.632000000000001,0.0349,0.00647,0.0529,0.904,114.99700000000001,4
Brantley Gilbert,8.0,8.0,0.511,0.812,-4.763,0.0464,0.0496,0.0829,0.6920000000000001,81.992,4
Fall Out Boy,61.0,7.625,0.534,0.875,-4.522,0.05865,0.005025,0.1545,0.604,148.97699999999998,4
ODESZA,5.0,1.6666666666666667,0.49700000000000005,0.733,-6.029,0.0745,0.0334,0.193,0.183,139.961,7
Phoenix,1.0,1.0,0.528,0.904,-7.273,0.0446,0.0333,0.111,0.6859999999999999,97.961,4
OneRepublic,342.0,42.75,0.6395,0.6635,-5.866,0.0583,0.159,0.136,0.5525,118.243,9
SZA,815.0,90.55555555555556,0.684,0.594,-6.274,0.0747,0.24100000000000002,0.147,0.406,119.235,9
Nicky Jam,258.0,64.5,0.6679999999999999,0.7225,-5.1274999999999995,0.056049999999999996,0.14855000000000002,0.11065,0.735,179.939,4
Maluma,261.0,43.5,0.7575000000000001,0.745,-5.372,0.262,0.2345,0.215,0.732,110.921,1
Starley,1.0,1.0,0.67,0.838,-4.031000000000001,0.0362,0.0604,0.159,0.7170000000000001,104.99799999999999,4
HAIM,6.0,1.2,0.6559999999999999,0.708,-7.885,0.0582,0.14300000000000002,0.16899999999999998,0.504,112.04700000000001,7
Chris Stapleton,16.0,8.0,0.634,0.31425,-10.925,0.034,0.49400000000000005,0.08275,0.408,103.8935,6
Electric Light Orchestra,4.0,4.0,0.38799999999999996,0.33799999999999997,-10.054,0.0328,0.652,0.248,0.47700000000000004,177.78400000000002,5
Fleetwood Mac,1.0,1.0,0.545,0.67,-8.81,0.0496,0.009000000000000001,0.0451,0.48100000000000004,151.553,9
Miley Cyrus,293.0,18.3125,0.5874999999999999,0.637,-5.9735,0.042300000000000004,0.06965,0.14350000000000002,0.38949999999999996,114.54899999999999,9
Rich Brian,21.0,2.1,0.8275,0.665,-6.948,0.18,0.245,0.10189999999999999,0.6065,140.0565,9
Selena Gomez,1047.0,52.35,0.7240000000000001,0.558,-7.126,0.06265000000000001,0.16049999999999998,0.11549999999999999,0.4915,111.46849999999999,9
Soundgarden,10.0,1.4285714285714286,0.457,0.828,-6.051,0.0394,0.000173,0.125,0.514,101.87899999999999,4
Audioslave,5.0,1.6666666666666667,0.452,0.8540000000000001,-4.867,0.0483,0.000519,0.0997,0.433,89.4,4
Chris Cornell,1.0,1.0,0.42700000000000005,0.62,-7.768,0.0332,0.276,0.125,0.32799999999999996,145.658,2
Temple Of The Dog,1.0,1.0,0.373,0.5670000000000001,-10.835,0.032,0.0236,0.0916,0.298,137.789,2
Liam Payne,472.0,78.66666666666667,0.6165,0.7335,-5.051,0.06655,0.1865,0.09515,0.4195,109.5115,9
Camila Cabello,1445.0,62.82608695652174,0.637,0.5760000000000001,-5.731,0.08199999999999999,0.235,0.132,0.38299999999999995,105.031,9
Francis and the Lights,2.0,1.0,0.796,0.4425,-7.797000000000001,0.04875,0.3475,0.06465,0.8805,94.0215,2
Lil Pump,909.0,37.875,0.9065000000000001,0.5325,-7.4334999999999996,0.149,0.0323,0.11649999999999999,0.5415,137.0085,9
Enrique Iglesias,19.0,9.5,0.7015,0.8325,-3.4295,0.0578,0.1032,0.108,0.5905,90.5325,4
GASHI,15.0,7.5,0.6585,0.7390000000000001,-6.6715,0.054599999999999996,0.0075699999999999995,0.10875000000000001,0.158,141.055,9
Shawn Hook,53.0,53.0,0.569,0.564,-4.856,0.0429,0.0897,0.0816,0.254,132.79399999999998,9
Rita Ora,230.0,46.0,0.654,0.69,-4.093,0.0524,0.0599,0.0975,0.415,94.419,4
Kane Brown,749.0,124.83333333333333,0.623,0.6085,-6.297,0.02985,0.3315,0.15699999999999997,0.47850000000000004,105.97550000000001,7
Dustin Lynch,197.0,98.5,0.635,0.7304999999999999,-5.6855,0.028999999999999998,0.05735,0.416,0.605,86.96549999999999,3
Wisin,135.0,135.0,0.7440000000000001,0.8590000000000001,-3.1660000000000004,0.0795,0.0256,0.0881,0.787,91.977,4
Taylor Swift,1865.0,38.854166666666664,0.6505000000000001,0.6459999999999999,-6.731999999999999,0.056999999999999995,0.08085,0.11549999999999999,0.4265,114.017,9
Loote,39.0,39.0,0.871,0.493,-5.865,0.0742,0.12300000000000001,0.132,0.769,102.01100000000001,9
The Killers,73.0,24.333333333333332,0.466,0.9420000000000001,-3.315,0.115,0.0016,0.0953,0.499,148.017,4
2Pac,3.0,1.5,0.7809999999999999,0.8775,-4.811,0.13135,0.015865,0.2299,0.785,89.399,1
Portugal. The Man,330.0,330.0,0.8009999999999999,0.795,-5.115,0.0504,0.0417,0.0717,0.754,79.028,4
GoldLink,272.0,90.66666666666667,0.752,0.607,-7.294,0.132,0.125,0.0919,0.445,129.966,9
Dierks Bentley,5.0,2.5,0.5680000000000001,0.7290000000000001,-6.2895,0.06445000000000001,0.1264185,0.14350000000000002,0.498,119.92849999999999,7
Mobb Deep,1.0,1.0,0.763,0.7859999999999999,-6.472,0.22899999999999998,0.0146,0.0817,0.504,93.85700000000001,4
Vince Staples,42.0,8.4,0.851,0.602,-6.132000000000001,0.205,0.152,0.382,0.763,118.001,3
Metro Boomin,759.0,54.214285714285715,0.7255,0.44199999999999995,-8.866,0.189,0.39049999999999996,0.1515,0.3325,119.078,2
Moon Taxi,64.0,64.0,0.68,0.735,-5.553,0.0482,0.0505,0.109,0.523,106.994,4
Smokepurpp,259.0,37.0,0.861,0.5870000000000001,-6.752999999999999,0.38799999999999996,0.0352,0.122,0.38299999999999995,135.993,9
Sublime,2.0,1.0,0.7430000000000001,0.7304999999999999,-6.2455,0.0647,0.017785000000000002,0.251,0.6120000000000001,93.26400000000001,1
"Tyler, The Creator",759.0,29.192307692307693,0.548,0.5645,-8.658,0.1645,0.22300000000000003,0.1655,0.413,92.9375,2
J Balvin,704.0,29.333333333333332,0.7565,0.7625,-4.569000000000001,0.08465,0.0774,0.1295,0.6679999999999999,104.98400000000001,4
LANY,84.0,28.0,0.575,0.46,-7.695,0.182,0.154,0.149,0.294,95.95200000000001,2
Dylan Scott,21.0,21.0,0.652,0.7190000000000001,-7.251,0.033,0.0353,0.10800000000000001,0.24,94.969,9
Lynyrd Skynyrd,5.0,5.0,0.596,0.605,-12.145,0.0255,0.18100000000000002,0.0863,0.8859999999999999,97.79799999999999,2
Bruce Springsteen,30.0,15.0,0.37649999999999995,0.81,-7.243,0.054599999999999996,0.18118650000000003,0.4135,0.49849999999999994,130.9135,3
Snoop Dogg,2.0,2.0,0.715,0.655,-6.425,0.13699999999999998,0.0525,0.115,0.531,95.07799999999999,9
Zac Brown Band,4.0,4.0,0.5660000000000001,0.713,-4.25,0.0417,0.645,0.114,0.807,169.864,9
OutKast,7.0,7.0,0.728,0.9740000000000001,-2.261,0.0665,0.10300000000000001,0.175,0.965,79.52600000000001,4
Mark Ronson,144.0,36.0,0.603,0.7055,-7.192500000000001,0.06755,0.00894,0.195,0.297,109.03150000000001,7
Creedence Clearwater Revival,3.0,3.0,0.64,0.6629999999999999,-7.516,0.0374,0.201,0.152,0.6629999999999999,132.77,7
Shallou,1.0,1.0,0.601,0.499,-11.130999999999998,0.0343,0.815,0.109,0.531,96.98100000000001,6
Kesha,290.0,26.363636363636363,0.5760000000000001,0.763,-4.689,0.0562,0.0671,0.124,0.36700000000000005,114.991,4
Cash Cash,42.0,21.0,0.623,0.8,-3.7880000000000003,0.0828,0.11345000000000001,0.10345,0.371,115.465,4
The All-American Rejects,1.0,1.0,0.647,0.512,-4.162,0.0714,0.0017,0.0689,0.695,135.171,4
Chris Jeday,24.0,12.0,0.7385,0.6815,-5.574,0.1915,0.262,0.1175,0.49700000000000005,144.00099999999998,9
Danny Ocean,54.0,54.0,0.7440000000000001,0.804,-6.327000000000001,0.0677,0.0231,0.0494,0.426,104.823,4
Old Dominion,324.0,108.0,0.706,0.43700000000000006,-8.331,0.0575,0.593,0.107,0.759,83.985,2
Demi Lovato,596.0,85.14285714285714,0.58,0.469,-6.8420000000000005,0.0495,0.102,0.11,0.317,129.98,9
Ty Dolla $ign,129.0,12.9,0.7280000000000001,0.5960000000000001,-6.159,0.0653,0.05515,0.27749999999999997,0.402,147.084,1
Galantis,16.0,5.333333333333333,0.638,0.725,-4.1,0.0423,0.0702,0.12,0.49200000000000005,120.04700000000001,4
Echosmith,1.0,1.0,0.722,0.63,-7.289,0.0434,0.0862,0.106,0.479,111.985,9
NexXthursday,25.0,25.0,0.8959999999999999,0.513,-6.542000000000001,0.19899999999999998,0.11199999999999999,0.10400000000000001,0.29600000000000004,133.97299999999998,9
Billy Currington,98.0,98.0,0.5529999999999999,0.747,-5.432,0.0279,0.106,0.154,0.521,90.012,7
Macklemore,311.0,103.66666666666667,0.731,0.583,-5.126,0.0633,0.0323,0.11199999999999999,0.35600000000000004,136.043,9
Cardi B,2218.0,138.625,0.8605,0.57,-6.819000000000001,0.2505,0.06505,0.10900000000000001,0.45399999999999996,133.9875,9
Louis Tomlinson,99.0,49.5,0.612,0.61,-5.1545000000000005,0.174,0.1143,0.3255,0.663,127.6275,1
A-Trak,1.0,1.0,0.8640000000000001,0.6890000000000001,-4.508,0.0713,0.0569,0.0678,0.7120000000000001,142.082,4
Charli XCX,25.0,6.25,0.803,0.6435,-4.889,0.0556,0.03315,0.15175,0.6085,119.00900000000001,4
Dimitri Vegas & Like Mike,1.0,1.0,0.6779999999999999,0.8190000000000001,-3.306,0.0313,0.191,0.159,0.499,90.00399999999999,4
Cole Swindell,10.0,10.0,0.555,0.8959999999999999,-3.295,0.0388,0.00434,0.145,0.578,114.995,4
Hazers,1.0,1.0,0.49,0.601,-6.131,0.196,0.00665,0.0907,0.245,98.96600000000001,9
R3HAB,61.0,10.166666666666666,0.685,0.619,-7.203,0.039,0.233,0.1265,0.371,117.49849999999999,9
Marshmello,1923.0,106.83333333333333,0.629,0.8215,-2.921,0.051449999999999996,0.051500000000000004,0.16849999999999998,0.47650000000000003,132.5005,4
Avicii,389.0,18.523809523809526,0.588,0.754,-5.65,0.0433,0.0505,0.121,0.45799999999999996,124.95,4
P!nk,193.0,32.166666666666664,0.476,0.5435,-6.148,0.0476,0.1089,0.1348,0.2125,104.797,9
Wiz Khalifa,251.0,9.653846153846153,0.8220000000000001,0.6825,-6.6345,0.133,0.060950000000000004,0.21550000000000002,0.42300000000000004,126.01650000000001,7
Tay-K,221.0,221.0,0.7659999999999999,0.606,-6.064,0.456,0.00266,0.166,0.35200000000000004,160.22299999999998,7
DeJ Loaf,1.0,1.0,0.614,0.682,-4.117,0.102,0.387,0.134,0.5660000000000001,100.20200000000001,9
Shaggy,4.0,4.0,0.852,0.604,-4.569,0.0642,0.0503,0.327,0.667,94.762,1
CNCO,84.0,84.0,0.534,0.9109999999999999,-3.0860000000000003,0.0852,0.15,0.0986,0.624,93.76700000000001,4
ZHU,1.0,1.0,0.521,0.55,-6.222,0.0709,0.0029,0.0955,0.0391,184.018,9
Bonnie Tyler,1.0,1.0,0.431,0.723,-5.8870000000000005,0.055999999999999994,0.145,0.375,0.18899999999999997,130.547,3
Miguel,313.0,104.33333333333333,0.654,0.5870000000000001,-8.617,0.0439,0.158,0.19699999999999998,0.28800000000000003,100.014,7
Thirty Seconds To Mars,4.0,2.0,0.4385,0.7310000000000001,-6.725,0.04045,0.006445800000000001,0.19299999999999998,0.4185,123.08699999999999,7
London On Da Track,7.0,7.0,0.809,0.58,-7.252999999999999,0.348,0.0856,0.115,0.146,157.961,9
Luke Bryan,81.0,27.0,0.608,0.732,-3.728,0.0883,0.133,0.14800000000000002,0.634,131.983,4
Daniel Caesar,87.0,9.666666666666666,0.589,0.436,-9.443999999999999,0.0571,0.615,0.125,0.358,115.656,6
Friyie,1.0,1.0,0.708,0.503,-10.329,0.22699999999999998,0.7290000000000001,0.0781,0.268,105.08,6
DJDS,1.0,1.0,0.67,0.677,-5.553999999999999,0.0664,0.0771,0.188,0.348,128.088,7
Trippie Redd,1785.0,27.46153846153846,0.722,0.57,-6.773,0.0747,0.174,0.125,0.379,124.06299999999999,9
Kelly Clarkson,72.0,18.0,0.5385,0.7730000000000001,-5.433999999999999,0.06185,0.018949999999999998,0.173,0.5245,128.0025,7
Tove Lo,2.0,1.0,0.7925,0.6615,-7.298,0.0655,0.05365,0.15,0.4175,100.542,7
ILOVEMAKONNEN,1.0,1.0,0.7290000000000001,0.8909999999999999,-3.114,0.0795,0.0358,0.358,0.865,144.872,3
Beck,1.0,1.0,0.635,0.9079999999999999,-4.795,0.0563,0.0038399999999999997,0.239,0.637,110.012,1
Foo Fighters,1.0,1.0,0.515,0.917,-7.312,0.0417,0.00020899999999999998,0.145,0.409,121.988,7
Tove Styrke,1.0,1.0,0.675,0.611,-7.279,0.0765,0.184,0.0672,0.449,91.935,9
BTS,594.0,11.423076923076923,0.6345000000000001,0.7829999999999999,-5.014,0.08345,0.09985,0.11149999999999999,0.4875,121.96600000000001,4
"Earth, Wind & Fire",16.0,16.0,0.6940000000000001,0.831,-7.287999999999999,0.0301,0.165,0.25,0.98,125.90100000000001,1
WALK THE MOON,1.0,1.0,0.5820000000000001,0.821,-4.861000000000001,0.0365,0.007540000000000001,0.818,0.46799999999999997,100.025,8
NF,691.0,32.904761904761905,0.685,0.768,-4.832,0.19,0.312,0.115,0.35100000000000003,119.95700000000001,9
Bhad Bhabie,14.0,7.0,0.8739999999999999,0.479,-8.1805,0.2155,0.09755,0.108,0.12425,140.00900000000001,9
LANCO,108.0,54.0,0.665,0.7595000000000001,-7.456,0.04285,0.2655,0.0882,0.7145,136.4855,9
Quality Control,423.0,42.3,0.9005,0.5685,-5.484500000000001,0.17049999999999998,0.08629999999999999,0.12,0.41200000000000003,131.515,9
Rich The Kid,1042.0,40.07692307692308,0.8474999999999999,0.6095,-6.328,0.2525,0.03555,0.10700000000000001,0.41000000000000003,141.01,9
Tom Petty,26.0,3.25,0.575,0.562,-8.379,0.029599999999999998,0.067,0.168,0.645,129.112,7
Tom Petty and the Heartbreakers,26.0,1.7333333333333334,0.565,0.7340000000000001,-6.776,0.0316,0.0517,0.165,0.7140000000000001,116.74,7
Stevie Nicks,1.0,1.0,0.631,0.597,-7.382000000000001,0.026000000000000002,0.379,0.146,0.665,107.26,2
Lin-Manuel Miranda,1.0,1.0,0.47100000000000003,0.7909999999999999,-3.373,0.23800000000000002,0.0198,0.23199999999999998,0.507,188.36,1
Maren Morris,180.0,45.0,0.552,0.5694999999999999,-7.252000000000001,0.03705,0.21899999999999997,0.10064999999999999,0.312,89.88499999999999,2
Baka Not Nice,4.0,4.0,0.943,0.495,-5.9639999999999995,0.18,0.0575,0.0952,0.573,129.971,9
Red Hot Chili Peppers,1.0,1.0,0.5589999999999999,0.345,-13.495999999999999,0.0459,0.0576,0.141,0.45799999999999996,84.581,6
Kris Wu,6.0,6.0,0.677,0.6970000000000001,-5.63,0.0321,0.0198,0.14400000000000002,0.61,134.0,4
Morgan Wallen,441.0,110.25,0.6014999999999999,0.781,-4.894,0.03195,0.242,0.1125,0.5980000000000001,119.965,9
Lost Kings,2.0,1.0,0.607,0.9319999999999999,-4.509,0.1987,0.0432,0.1205,0.534,119.231,4
Daya,69.0,34.5,0.7344999999999999,0.6975,-4.713,0.0479,0.0732,0.37349999999999994,0.35050000000000003,115.0275,3
Alesso,46.0,11.5,0.6675,0.734,-5.988,0.0456,0.1609,0.10165,0.5165,114.9925,9
YBN Nahmir,583.0,145.75,0.7990000000000002,0.683,-7.2875,0.1945,0.017795,0.149,0.5175000000000001,143.51350000000002,7
Ozuna,313.0,26.083333333333332,0.7415,0.7855000000000001,-4.2735,0.06525,0.2315,0.14100000000000001,0.6815,103.96100000000001,4
Lil Xan,375.0,187.5,0.759,0.5740000000000001,-8.533,0.17400000000000002,0.25335,0.1805,0.408,129.07850000000002,7
Young Dolph,5.0,1.25,0.907,0.6505,-5.96,0.312,0.0076749999999999995,0.12350000000000001,0.41300000000000003,143.53750000000002,4
Chris Young,63.0,63.0,0.584,0.621,-5.702999999999999,0.0443,0.0715,0.389,0.634,92.00299999999999,3
Famous Dex,730.0,243.33333333333334,0.733,0.6779999999999999,-7.771,0.27,0.121,0.33399999999999996,0.841,135.995,3
Majid Jordan,2.0,1.0,0.752,0.45399999999999996,-7.167000000000001,0.046,0.1575,0.09190000000000001,0.521,91.2435,9
Ray Parker Jr.,10.0,10.0,0.779,0.7170000000000001,-9.7,0.0335,0.0125,0.355,0.789,115.384,3
"Bob""Boris"" Pickett",10.0,10.0,0.541,0.504,-14.190999999999999,0.457,0.375,0.42100000000000004,0.7070000000000001,68.482,5
Offset,1091.0,68.1875,0.8815,0.527,-8.0685,0.181,0.2425,0.1135,0.33849999999999997,129.039,2
Rockwell,4.0,4.0,0.767,0.7120000000000001,-4.128,0.0324,0.0409,0.132,0.804,124.09100000000001,4
Blue Öyster Cult,4.0,4.0,0.33299999999999996,0.927,-8.55,0.0733,0.0029,0.297,0.382,141.47,1
The Citizens of Halloween,5.0,5.0,0.569,0.508,-12.823,0.0502,0.768,0.145,0.647,167.62400000000002,6
DJ Jazzy Jeff & The Fresh Prince,3.0,3.0,0.74,0.8190000000000001,-5.77,0.21100000000000002,0.032,0.556,0.7040000000000001,170.345,3
Warren Zevon,3.0,3.0,0.75,0.62,-8.72,0.0257,0.0932,0.0612,0.93,103.538,9
Dead Or Alive,1.0,1.0,0.5670000000000001,0.943,-7.992000000000001,0.0387,0.0308,0.544,0.965,128.207,3
Kyle Dixon & Michael Stein,2.0,2.0,0.35200000000000004,0.551,-16.545,0.0362,0.779,0.16699999999999998,0.10300000000000001,168.02200000000002,0
The Rolling Stones,3.0,3.0,0.7020000000000001,0.6679999999999999,-9.237,0.214,0.518,0.0588,0.561,116.06299999999999,2
Mariah Carey,224.0,56.0,0.34850000000000003,0.565,-7.453,0.0329,0.2655,0.111,0.29500000000000004,162.17149999999998,2
N.E.R.D,152.0,50.666666666666664,0.805,0.71,-6.556,0.237,0.0008810000000000001,0.11800000000000001,0.201,189.99200000000002,4
Bad Bunny,1443.0,41.22857142857143,0.762,0.6459999999999999,-5.468999999999999,0.0789,0.158,0.107,0.514,128.028,9
Joji,688.0,52.92307692307692,0.618,0.52,-8.354,0.0383,0.618,0.115,0.29,99.28399999999999,6
Kelsea Ballerini,18.0,4.5,0.5225,0.61,-5.8815,0.058800000000000005,0.3225,0.09905,0.466,146.94150000000002,9
YoungBoy Never Broke Again,783.0,26.1,0.715,0.6705,-5.295,0.3005,0.1575,0.1405,0.576,154.948,7
T-Pain,2.0,1.0,0.538,0.548,-6.8865,0.15,0.0184,0.0685,0.3515,85.0155,9
6ix9ine,1239.0,49.56,0.731,0.775,-4.833,0.21,0.0775,0.136,0.523,130.003,4
Big Shaq,49.0,49.0,0.905,0.884,-4.0760000000000005,0.23600000000000002,0.111,0.107,0.588,135.048,4
Becky G,83.0,27.666666666666668,0.7909999999999999,0.745,-4.336,0.0464,0.267,0.11599999999999999,0.82,96.993,4
Daddy Yankee,273.0,54.6,0.737,0.84,-3.035,0.0468,0.174,0.12,0.708,94.98100000000001,4
Natti Natasha,55.0,55.0,0.8140000000000001,0.813,-3.023,0.0561,0.03,0.255,0.8390000000000001,79.997,1
Brenda Lee,133.0,66.5,0.589,0.47200000000000003,-8.749,0.0502,0.614,0.505,0.898,67.196,5
Lil Peep,326.0,16.3,0.5455000000000001,0.65,-6.482,0.04165,0.04095,0.11549999999999999,0.23450000000000001,120.0285,9
Alan Walker,72.0,24.0,0.509,0.6779999999999999,-4.928999999999999,0.057999999999999996,0.131,0.301,0.297,169.988,1
Jaden,89.0,22.25,0.7705,0.7975,-5.8645,0.2415,0.2365,0.46149999999999997,0.238,143.9785,3
Andy Williams,133.0,66.5,0.43200000000000005,0.7595000000000001,-8.181999999999999,0.07985,0.6425000000000001,0.0927,0.603,111.09,2
Wham!,130.0,130.0,0.735,0.478,-12.472000000000001,0.0293,0.18899999999999997,0.355,0.9470000000000001,107.682,5
Anita Kerr Singers,27.0,27.0,0.645,0.633,-8.869,0.0494,0.131,0.0945,0.875,72.26,9
Russell Dickerson,146.0,73.0,0.505,0.8095,-5.442,0.03715,0.06865,0.13005,0.6435,147.0985,4
Burl Ives,152.0,76.0,0.6765,0.325,-12.9055,0.0344,0.625,0.13749999999999998,0.847,146.558,6
Frank Sinatra,189.0,47.25,0.5595,0.20600000000000002,-13.8705,0.0451,0.8535,0.12785,0.588,126.2675,0
Nat King Cole,171.0,42.75,0.40900000000000003,0.28400000000000003,-12.854499999999998,0.035500000000000004,0.8140000000000001,0.16849999999999998,0.4355,95.8885,0
Vince Guaraldi Trio,59.0,19.666666666666668,0.496,0.191,-15.937999999999999,0.0382,0.9079999999999999,0.126,0.342,81.77199999999999,0
Bing Crosby,324.0,24.923076923076923,0.5,0.22399999999999998,-13.603,0.0381,0.828,0.195,0.527,112.777,0
Perry Como,94.0,31.333333333333332,0.5770000000000001,0.24600000000000002,-12.25,0.0599,0.9440000000000001,0.126,0.691,95.685,0
Mykola Dmytrovych Leontovych,90.0,90.0,0.418,0.106,-22.506999999999998,0.0448,0.9940000000000001,0.179,0.8,46.718,0
Band Aid,102.0,102.0,0.599,0.642,-6.936,0.0363,0.16399999999999998,0.0992,0.349,115.412,9
José Feliciano,99.0,99.0,0.512,0.831,-9.004,0.0383,0.552,0.336,0.963,148.82,5
Elvis Presley,106.0,35.333333333333336,0.465,0.235,-16.982,0.0425,0.968,0.109,0.58,94.51899999999999,0
Michael Bublé,277.0,30.77777777777778,0.517,0.465,-7.587999999999999,0.0321,0.602,0.10099999999999999,0.414,122.331,2
Eartha Kitt,91.0,91.0,0.7,0.138,-12.347000000000001,0.0612,0.902,0.185,0.49,84.48700000000001,0
Anitta,15.0,15.0,0.775,0.679,-4.985,0.135,0.18,0.068,0.619,166.00799999999998,4
Paul McCartney,97.0,97.0,0.774,0.511,-8.914,0.0319,0.322,0.0672,0.7709999999999999,94.736,2
John Lennon,95.0,95.0,0.32799999999999996,0.607,-11.075999999999999,0.0315,0.319,0.765,0.395,146.539,8
Dean Martin,167.0,41.75,0.461,0.2205,-15.391000000000002,0.03415,0.906,0.13019999999999998,0.6525,132.401,0
Pentatonix,104.0,26.0,0.4545,0.37449999999999994,-8.2345,0.033299999999999996,0.2165,0.21539999999999998,0.42400000000000004,107.9915,2
The Beach Boys,46.0,46.0,0.602,0.5529999999999999,-9.336,0.0328,0.10800000000000001,0.0512,0.971,130.594,2
Judy Garland,66.0,33.0,0.156,0.184,-14.82,0.0393,0.97,0.26,0.107,180.887,0
Jay Critch,2.0,2.0,0.726,0.225,-19.72,0.0588,0.00351,0.0655,0.17,142.988,0
Carpenters,34.0,11.333333333333334,0.33899999999999997,0.205,-15.662,0.0353,0.871,0.10099999999999999,0.166,85.17399999999999,0
Gene Autry,54.0,27.0,0.7330000000000001,0.2655,-13.023,0.042499999999999996,0.841,0.2485,0.81,119.369,0
Jeezy,1.0,1.0,0.64,0.8490000000000001,-5.684,0.154,0.0587,0.303,0.6409999999999999,76.983,1
BROCKHAMPTON,180.0,7.2,0.643,0.64,-6.728,0.187,0.255,0.18899999999999997,0.47,124.045,7
Huncho Jack,264.0,20.307692307692307,0.7709999999999999,0.6859999999999999,-4.043,0.0545,0.011000000000000001,0.156,0.225,140.005,4
Nat King Cole Trio,8.0,8.0,0.752,0.0869,-16.759,0.071,0.9670000000000001,0.0869,0.502,130.566,0
*NSYNC,34.0,34.0,0.642,0.9390000000000001,-3.967,0.0463,0.10300000000000001,0.8809999999999999,0.7559999999999999,105.00299999999999,8
Kay Starr,8.0,8.0,0.672,0.355,-7.645,0.06,0.493,0.156,0.79,141.487,2
Lou Monte,6.0,3.0,0.807,0.473,-11.383,0.047,0.68,0.179,0.963,113.23700000000001,6
Chris Rea,6.0,6.0,0.49700000000000005,0.6609999999999999,-9.047,0.0361,0.32799999999999996,0.21100000000000002,0.894,180.225,7
The Pogues,12.0,12.0,0.319,0.6509999999999999,-6.335,0.0342,0.501,0.24100000000000002,0.474,118.501,5
Britney Spears,15.0,7.5,0.7205,0.7855,-5.65,0.07015,0.12645,0.219,0.802,145.06,1
Tony Bennett,19.0,9.5,0.4485,0.2321,-14.2445,0.04955,0.891,0.09395,0.357,173.848,0
John Denver,4.0,4.0,0.6779999999999999,0.353,-15.636,0.0716,0.8140000000000001,0.0904,0.777,84.545,0
Peggy Lee,4.0,4.0,0.158,0.172,-17.089000000000002,0.035,0.782,0.14,0.19699999999999998,81.421,0
The Ronettes,62.0,31.0,0.46299999999999997,0.8255,-7.2985,0.04365,0.3155,0.362,0.708,81.9735,3
The Platters,4.0,4.0,0.34299999999999997,0.33899999999999997,-9.282,0.0283,0.867,0.109,0.40399999999999997,103.50399999999999,6
Darlene Love,23.0,23.0,0.34299999999999997,0.76,-7.146,0.0513,0.392,0.0773,0.35600000000000004,126.322,2
Glee Cast,2.0,1.0,0.5715,0.5045,-7.7575,0.028999999999999998,0.399,0.1275,0.6915,131.4275,2
George Ezra,7.0,3.5,0.629,0.5275,-8.7605,0.0373,0.4615,0.185,0.5955,115.77449999999999,2
Christina Aguilera,11.0,2.75,0.4825,0.63,-5.552,0.0686,0.29,0.11985,0.245,125.5415,9
Elton John,19.0,6.333333333333333,0.46799999999999997,0.574,-11.097000000000001,0.0363,0.382,0.305,0.32299999999999995,140.308,5
Zac Efron,136.0,136.0,0.684,0.619,-7.005,0.0386,0.0716,0.122,0.284,125.046,9
Hugh Jackman,188.0,47.0,0.577,0.7825,-8.930499999999999,0.11649999999999999,0.00458,0.182,0.27249999999999996,136.012,7
Keala Settle,137.0,137.0,0.284,0.7040000000000001,-7.276,0.18600000000000003,0.00583,0.0424,0.1,191.702,9
Walker Hayes,27.0,27.0,0.847,0.6990000000000001,-8.286,0.0733,0.525,0.267,0.8740000000000001,120.00200000000001,5
Loren Allred,58.0,58.0,0.27699999999999997,0.39399999999999996,-8.902999999999999,0.0336,0.423,0.0952,0.22699999999999998,86.777,6
Trouble,13.0,6.5,0.8089999999999999,0.45999999999999996,-5.9465,0.354,0.1335,0.21500000000000002,0.49299999999999994,114.48549999999999,7
Farruko,1.0,1.0,0.743,0.6709999999999999,-5.2410000000000005,0.122,0.0512,0.11599999999999999,0.499,163.22899999999998,4
Ziv Zaifman,57.0,57.0,0.265,0.312,-11.689,0.0569,0.243,0.0893,0.0998,54.747,6
Lil Skies,1883.0,94.15,0.712,0.6695,-6.365500000000001,0.10500000000000001,0.10250000000000001,0.127,0.5135000000000001,140.0525,9
Dexys Midnight Runners,1.0,1.0,0.45,0.6559999999999999,-7.0489999999999995,0.0472,0.664,0.259,0.782,106.61,5
Redbone,1.0,1.0,0.731,0.804,-7.621,0.0473,0.172,0.0685,0.9570000000000001,107.383,9
Matt Terry,26.0,26.0,0.8759999999999999,0.649,-4.369,0.0691,0.223,0.332,0.742,95.03399999999999,1
Chris Lane,84.0,42.0,0.5429999999999999,0.8029999999999999,-4.852,0.0658,0.496,0.10735,0.678,151.9995,9
Michelle Williams,24.0,24.0,0.35100000000000003,0.331,-10.315999999999999,0.0382,0.3,0.0919,0.191,161.564,6
BØRNS,1.0,1.0,0.623,0.55,-7.593999999999999,0.0527,0.74,0.13,0.396,130.97299999999998,2
Soleima,1.0,1.0,0.6859999999999999,0.622,-5.644,0.162,0.0801,0.133,0.546,84.99799999999999,9
Austyn Johnson,3.0,3.0,0.253,0.139,-17.067,0.0414,0.726,0.26899999999999996,0.102,74.369,0
Devin Dawson,86.0,43.0,0.5325,0.4315,-9.3475,0.04045,0.47100000000000003,0.1511,0.396,80.98599999999999,6
Troye Sivan,75.0,9.375,0.6525,0.65,-7.343,0.0492,0.0529,0.106,0.493,107.535,9
Jay Rock,312.0,78.0,0.729,0.6265000000000001,-4.8260000000000005,0.19395,0.025349999999999998,0.1695,0.4915,131.56349999999998,7
Carrie Underwood,3.0,1.5,0.5185,0.8085,-3.3305,0.1131,0.043635,0.11699999999999999,0.36,115.50450000000001,4
The Cranberries,7.0,2.3333333333333335,0.439,0.635,-13.091,0.0339,0.0154,0.366,0.304,128.661,5
Bazzi,1420.0,109.23076923076923,0.677,0.67,-5.81,0.0466,0.309,0.142,0.42700000000000005,100.027,9
H.E.R.,563.0,281.5,0.65,0.42,-9.68,0.19075,0.43785,0.158,0.3045,86.118,6
Glades,28.0,28.0,0.752,0.679,-6.4639999999999995,0.0304,0.063,0.0727,0.669,106.99,9
Carnage,16.0,8.0,0.669,0.587,-5.74,0.118,0.1535,0.244,0.255,141.9405,7
Rudimental,108.0,108.0,0.653,0.809,-4.0569999999999995,0.0474,0.19399999999999998,0.165,0.55,92.213,4
Dan + Shay,1493.0,248.83333333333334,0.602,0.6014999999999999,-5.1875,0.03055,0.21650000000000003,0.135,0.46199999999999997,115.452,9
Carlie Hanson,1.0,1.0,0.774,0.485,-5.8870000000000005,0.0864,0.257,0.0862,0.696,123.008,9
CHVRCHES,2.0,1.0,0.518,0.6785,-6.212000000000001,0.03155,0.05854499999999999,0.16499999999999998,0.14100000000000001,147.986,7
Keys N Krates,1.0,1.0,0.502,0.648,-5.6979999999999995,0.0527,0.00513,0.204,0.29100000000000004,91.837,7
Red Velvet,1.0,1.0,0.7140000000000001,0.736,-3.801,0.0457,0.191,0.0553,0.8140000000000001,149.985,4
Sofi Tukker,1.0,1.0,0.713,0.6609999999999999,-6.063,0.0478,0.00853,0.19,0.244,102.04299999999999,7
ScHoolboy Q,283.0,18.866666666666667,0.8320000000000001,0.545,-6.0760000000000005,0.259,0.0844,0.11800000000000001,0.38299999999999995,132.019,9
BlocBoy JB,523.0,261.5,0.918,0.6809999999999999,-6.481,0.28600000000000003,0.09502,0.11549999999999999,0.7004999999999999,140.056,4
SOB X RBE,91.0,91.0,0.856,0.652,-5.324,0.14300000000000002,0.177,0.193,0.47100000000000003,97.01700000000001,7
Jorja Smith,26.0,13.0,0.679,0.6599999999999999,-6.2265,0.1885,0.2275,0.148,0.47750000000000004,123.42099999999999,7
Ab-Soul,21.0,21.0,0.507,0.606,-8.758,0.452,0.185,0.174,0.20199999999999999,180.607,7
Zacari,34.0,17.0,0.6635,0.607,-10.41,0.116,0.4005,0.1048,0.4325,123.113,2
Mozzy,14.0,14.0,0.629,0.5539999999999999,-6.7589999999999995,0.326,0.28,0.158,0.308,126.694,7
Whethan,1.0,1.0,0.708,0.552,-5.5520000000000005,0.21,0.0922,0.0541,0.6859999999999999,147.834,9
Nipsey Hussle,174.0,15.818181818181818,0.597,0.746,-5.152,0.253,0.0427,0.226,0.24600000000000002,96.024,1
Muse,1.0,1.0,0.48,0.76,-3.6630000000000003,0.0402,0.00107,0.0809,0.37799999999999995,139.985,4
YG,590.0,34.705882352941174,0.841,0.515,-7.709,0.285,0.0262,0.125,0.405,101.008,9
5 Seconds of Summer,874.0,67.23076923076923,0.643,0.767,-4.173,0.0455,0.0318,0.105,0.597,133.929,4
Janelle Monáe,6.0,3.0,0.8905000000000001,0.44899999999999995,-7.329,0.139,0.1039,0.46749999999999997,0.546,117.5955,3
Good Gas,2.0,2.0,0.9490000000000001,0.508,-5.939,0.19699999999999998,0.0872,0.0851,0.325,121.965,9
Joyner Lucas,127.0,14.11111111111111,0.8079999999999999,0.664,-5.837999999999999,0.17800000000000002,0.23399999999999999,0.11900000000000001,0.48100000000000004,126.096,9
Meghan Trainor,3.0,1.5,0.79,0.6094999999999999,-5.0625,0.19235,0.01675,0.08385000000000001,0.531,153.5265,4
Jordan Davis,98.0,49.0,0.507,0.8720000000000001,-4.044,0.0408,0.17504999999999998,0.207,0.577,140.97449999999998,1
Sean Paul,53.0,53.0,0.7929999999999999,0.8240000000000001,-3.4760000000000004,0.177,0.006,0.16899999999999998,0.611,98.01899999999999,4
Sofia Reyes,33.0,16.5,0.778,0.8235,-3.4125,0.065,0.1725,0.0601,0.746,97.517,4
TOTO,191.0,191.0,0.6709999999999999,0.373,-18.064,0.0323,0.257,0.0481,0.732,92.71700000000001,6
HRVY,14.0,14.0,0.755,0.536,-5.605,0.12,0.114,0.0282,0.882,138.969,9
King Princess,117.0,117.0,0.6,0.535,-7.042999999999999,0.107,0.648,0.162,0.26899999999999996,71.91199999999999,2
Dennis Lloyd,191.0,95.5,0.5105,0.6705,-6.5945,0.2995,0.08625000000000001,0.2615,0.40615,89.2885,1
Lil Dicky,232.0,116.0,0.7245,0.6315,-4.8454999999999995,0.13699999999999998,0.393,0.10095,0.7155,114.532,9
Ben Platt,2.0,2.0,0.349,0.307,-7.197,0.0402,0.8009999999999999,0.0968,0.447,80.964,6
Diplo,326.0,65.2,0.618,0.7859999999999999,-5.396,0.0717,0.114,0.205,0.486,98.04700000000001,7
Belly,13.0,3.25,0.7685,0.7275,-5.0794999999999995,0.263,0.22549999999999998,0.14975,0.36,115.50900000000001,7
Reik,12.0,12.0,0.777,0.782,-4.435,0.0907,0.0505,0.64,0.773,94.023,8
at Wendys,1.0,1.0,0.778,0.642,-6.348,0.131,0.114,0.12300000000000001,0.36700000000000005,151.111,9
Madison Beer,74.0,24.666666666666668,0.631,0.56,-6.202000000000001,0.0878,0.185,0.0952,0.609,75.363,9
Hayley Kiyoko,1.0,1.0,0.633,0.7929999999999999,-4.126,0.055,0.0537,0.16,0.414,103.97,4
Chase Rice,74.0,74.0,0.606,0.652,-6.982,0.0281,0.32299999999999995,0.201,0.47600000000000003,97.155,7
NOTD,74.0,37.0,0.6804999999999999,0.7985,-5.3774999999999995,0.061450000000000005,0.07314999999999999,0.11300000000000002,0.6829999999999999,122.4785,4
Florence + The Machine,6.0,1.2,0.5329999999999999,0.366,-8.388,0.0339,0.528,0.10800000000000001,0.21899999999999997,116.016,6
Louis The Child,67.0,16.75,0.6759999999999999,0.6555,-4.258,0.1175,0.14950000000000002,0.201,0.699,124.5175,7
Nio Garcia,303.0,303.0,0.903,0.675,-3.445,0.214,0.542,0.0595,0.442,96.507,9
Calum Scott,1.0,1.0,0.331,0.235,-7.7,0.0299,0.9179999999999999,0.13699999999999998,0.218,171.232,6
Juice WRLD,4679.0,116.975,0.6645000000000001,0.666,-5.307,0.0844,0.111,0.1355,0.382,148.0195,9
Billie Eilish,5180.0,207.2,0.679,0.35100000000000003,-11.265,0.0972,0.737,0.109,0.23399999999999999,120.02,6
Sugarland,8.0,4.0,0.535,0.777,-3.292,0.207,0.0187,0.136,0.664,171.72,4
Anne-Marie,133.0,66.5,0.653,0.734,-3.1005000000000003,0.10305,0.0437,0.154,0.6795,124.064,4
BURNS,1.0,1.0,0.7140000000000001,0.8320000000000001,-4.994,0.139,0.34600000000000003,0.326,0.6659999999999999,100.046,1
Tim Berg,1.0,1.0,0.49,0.8109999999999999,-2.524,0.044000000000000004,0.0896,0.0898,0.547,125.965,4
Seeb,5.0,5.0,0.629,0.745,-2.9360000000000004,0.0649,0.147,0.257,0.496,99.995,1
Mason Ramsey,18.0,18.0,0.534,0.815,-2.815,0.0278,0.708,0.111,0.564,159.84799999999998,9
Chantel Jeffries,5.0,5.0,0.865,0.529,-7.756,0.23,0.769,0.10400000000000001,0.649,111.98200000000001,2
Jess Glynne,25.0,25.0,0.565,0.195,-11.144,0.0277,0.965,0.13,0.0815,89.961,0
Ella Mai,391.0,97.75,0.628,0.613,-5.148,0.09590000000000001,0.2595,0.16299999999999998,0.38649999999999995,80.934,7
Arctic Monkeys,11.0,1.5714285714285714,0.584,0.767,-4.57,0.0419,0.0626,0.131,0.6729999999999999,130.189,4
Lil Baby,2540.0,52.916666666666664,0.8,0.552,-6.591,0.3195,0.0532,0.122,0.356,129.9845,9
Pusha T,78.0,9.75,0.6475,0.6875,-3.9400000000000004,0.1975,0.0417,0.1935,0.2635,90.339,7
The 1975,32.0,2.6666666666666665,0.5535000000000001,0.7104999999999999,-5.7485,0.03465,0.009985,0.10935,0.477,124.6,4
Mac Miller,492.0,11.44186046511628,0.682,0.503,-8.771,0.13,0.474,0.113,0.336,119.973,2
Kenny Chesney,25.0,25.0,0.632,0.804,-6.109,0.0503,0.10099999999999999,0.17,0.35,92.456,7
KIDS SEE GHOSTS,144.0,24.0,0.657,0.5695,-6.7695,0.05450000000000001,0.202,0.14450000000000002,0.32199999999999995,110.292,9
88rising,16.0,5.333333333333333,0.701,0.6679999999999999,-7.227,0.0878,0.0175,0.131,0.33399999999999996,89.986,9
Chelsea Cutler,5.0,1.0,0.718,0.253,-9.61,0.0491,0.33399999999999996,0.15,0.45899999999999996,100.066,6
Vic Mensa,1.0,1.0,0.836,0.703,-4.731,0.106,0.031,0.124,0.21100000000000002,144.959,4
Loud Luxury,179.0,89.5,0.752,0.7635000000000001,-4.396,0.038849999999999996,0.0493,0.0568,0.5875,121.975,4
BLACKPINK,62.0,31.0,0.7044999999999999,0.8600000000000001,-4.031499999999999,0.16015,0.17615,0.29600000000000004,0.4845,135.9525,1
Nas,28.0,4.0,0.569,0.7170000000000001,-5.107,0.331,0.0916,0.254,0.341,92.40100000000001,1
The Carters,110.0,18.333333333333332,0.7275,0.571,-6.4254999999999995,0.16745,0.1285,0.17099999999999999,0.388,141.9655,7
Ski Mask The Slump God,676.0,42.25,0.8714999999999999,0.525,-10.001000000000001,0.2635,0.112,0.122,0.6105,128.9385,2
Ronny J,1.0,1.0,0.698,0.731,-3.46,0.15,0.0521,0.122,0.312,157.035,4
Bass Santana,5.0,1.6666666666666667,0.823,0.514,-7.7589999999999995,0.271,0.552,0.11,0.703,129.997,2
Alec Benjamin,163.0,54.333333333333336,0.653,0.565,-6.204,0.0572,0.74,0.124,0.483,150.07299999999998,2
Queen Naija,1.0,1.0,0.5920000000000001,0.5710000000000001,-7.132000000000001,0.174,0.172,0.106,0.424,104.95,9
Rodney Atkins,5.0,5.0,0.603,0.852,-5.166,0.0463,0.0137,0.513,0.655,124.09100000000001,3
OMI,1.0,1.0,0.78,0.68,-6.081,0.0305,0.141,0.138,0.594,118.02600000000001,9
Years & Years,18.0,9.0,0.753,0.6255,-6.6175,0.11499999999999999,0.1001,0.1883,0.527,104.529,7
Rusted Root,1.0,1.0,0.5,0.6809999999999999,-9.556000000000001,0.0672,0.114,0.139,0.745,119.46,2
Nico & Vinz,1.0,1.0,0.7290000000000001,0.675,-6.002999999999999,0.0312,0.175,0.55,0.779,119.96799999999999,3
LEN,1.0,1.0,0.413,0.8290000000000001,-11.110999999999999,0.529,0.39399999999999996,0.10800000000000001,0.677,191.477,2
Natalie Cole,1.0,1.0,0.685,0.623,-11.145999999999999,0.042,0.228,0.0295,0.8959999999999999,126.73899999999999,2
Jake Owen,4.0,4.0,0.604,0.868,-3.5389999999999997,0.0445,0.086,0.0502,0.5529999999999999,94.05799999999999,4
benny blanco,948.0,135.42857142857142,0.612,0.617,-7.0889999999999995,0.16399999999999998,0.168,0.124,0.525,122.994,9
Fabolous,1.0,1.0,0.77,0.607,-6.102,0.37200000000000005,0.659,0.159,0.747,150.006,7
Noah Schnacky,1.0,1.0,0.504,0.47200000000000003,-6.925,0.0404,0.54,0.306,0.313,73.521,5
Dynoro,73.0,73.0,0.6940000000000001,0.77,-5.335,0.149,0.17600000000000002,0.11800000000000001,0.163,125.905,9
Denzel Curry,17.0,2.125,0.75,0.638,-6.695,0.1112,0.07465000000000001,0.36,0.5635,120.03800000000001,3
RL Grime,1.0,1.0,0.49,0.629,-4.072,0.0399,0.0732,0.0957,0.3,74.967,9
DJ Durel,7.0,7.0,0.9179999999999999,0.632,-6.979,0.278,0.0236,0.37799999999999995,0.396,92.01100000000001,3
Sheck Wes,421.0,421.0,0.7290000000000001,0.625,-5.266,0.0315,0.19399999999999998,0.248,0.261,146.034,1
YBN Cordae,37.0,7.4,0.732,0.608,-6.019,0.301,0.0806,0.127,0.276,138.024,9
Dean Lewis,438.0,219.0,0.583,0.6625000000000001,-6.3985,0.03365,0.6115,0.11515,0.5775,115.825,2
Robyn,1.0,1.0,0.7020000000000001,0.6659999999999999,-8.307,0.0463,0.0472,0.139,0.109,119.93,9
Quavo,279.0,14.68421052631579,0.857,0.657,-5.9239999999999995,0.273,0.114,0.126,0.496,143.03799999999998,4
Kris Kross Amsterdam,41.0,41.0,0.7340000000000001,0.765,-5.562,0.0621,0.151,0.231,0.518,109.98899999999999,1
Flipp Dinero,503.0,251.5,0.8089999999999999,0.6890000000000001,-3.9935,0.14855,0.1045,0.214,0.7749999999999999,134.989,1
Social House,64.0,64.0,0.769,0.479,-5.3389999999999995,0.0385,0.66,0.0914,0.8029999999999999,96.051,2
Bryce Vine,194.0,97.0,0.766,0.5235,-6.0055,0.057050000000000003,0.3405,0.162,0.3385,124.969,7
Death Cab for Cutie,1.0,1.0,0.514,0.95,-3.807,0.0298,0.00575,0.134,0.665,137.975,4
Lil Mosey,969.0,138.42857142857142,0.747,0.643,-7.539,0.0674,0.261,0.11599999999999999,0.653,96.00299999999999,9
lovelytheband,29.0,29.0,0.6659999999999999,0.728,-5.808,0.0419,0.00175,0.0429,0.51,122.99600000000001,4
Bas,8.0,8.0,0.755,0.594,-5.906000000000001,0.21600000000000003,0.24100000000000002,0.107,0.237,178.929,9
Why Don't We,128.0,25.6,0.693,0.58,-5.422000000000001,0.0433,0.0687,0.0928,0.368,115.036,9
Paul Rosenberg,19.0,19.0,0.636,0.335,-13.327,0.966,0.993,0.342,0.561,161.68,5
Silk City,56.0,56.0,0.588,0.67,-6.439,0.0473,0.0104,0.33799999999999997,0.505,118.15899999999999,1
$uicideBoy$,7.0,1.0,0.736,0.579,-8.642000000000001,0.2,0.0244,0.20800000000000002,0.384,112.01,7
Lauren Daigle,54.0,54.0,0.486,0.632,-6.89,0.0344,0.682,0.0869,0.0791,147.892,2
Mumford & Sons,7.0,3.5,0.499,0.742,-7.4704999999999995,0.044700000000000004,0.034195,0.10345,0.306,145.98149999999998,9
YNW Melly,1221.0,135.66666666666666,0.782,0.495,-7.968,0.247,0.145,0.11,0.623,145.939,9
Pardison Fontaine,9.0,9.0,0.7959999999999999,0.68,-4.853,0.353,0.0886,0.268,0.565,164.93200000000002,1
Juicy J,5.0,5.0,0.9209999999999999,0.748,-5.093,0.13,0.00908,0.0798,0.8009999999999999,139.97899999999998,4
Ava Max,331.0,165.5,0.7005000000000001,0.6799999999999999,-4.697,0.04555,0.07139999999999999,0.2595,0.6174999999999999,131.5455,1
Gunna,256.0,13.473684210526315,0.84,0.557,-7.148,0.21,0.113,0.102,0.435,135.03,9
Anderson .Paak,30.0,2.3076923076923075,0.6759999999999999,0.654,-7.672999999999999,0.12300000000000001,0.0344,0.132,0.509,103.288,9
T.I.,3.0,3.0,0.713,0.825,-5.25,0.28800000000000003,0.0925,0.58,0.742,127.95,8
Avril Lavigne,14.0,7.0,0.6525,0.773,-5.0165,0.07544999999999999,0.0886,0.11199999999999999,0.595,119.969,4
Bradley Cooper,1.0,1.0,0.6990000000000001,0.282,-7.65,0.0374,0.7979999999999999,0.0981,0.359,79.77600000000001,6
Normani,108.0,36.0,0.599,0.624,-3.967,0.10300000000000001,0.0944,0.114,0.762,116.046,4
Takeoff,79.0,6.583333333333333,0.8445,0.6174999999999999,-7.322000000000001,0.2145,0.11299999999999999,0.1345,0.3395,140.0275,9
Marilyn Manson,2.0,1.0,0.483,0.9495,-6.359,0.1835,0.116,0.09425,0.329,168.18849999999998,4
John Carpenter,2.0,2.0,0.636,0.466,-15.534,0.0317,0.134,0.156,0.29600000000000004,136.20600000000002,6
M83,2.0,2.0,0.526,0.7120000000000001,-6.525,0.0356,0.0161,0.179,0.32,105.009,7
Duran Duran,2.0,2.0,0.691,0.812,-7.772,0.0558,0.0433,0.299,0.685,127.568,1
Moneybagg Yo,36.0,12.0,0.8490000000000001,0.845,-5.0680000000000005,0.233,0.0266,0.10400000000000001,0.617,144.07299999999998,4
Mitchell Tenpenny,16.0,16.0,0.499,0.797,-3.77,0.0554,0.19899999999999998,0.0933,0.408,176.024,4
K/DA,11.0,11.0,0.5660000000000001,0.769,-4.342,0.0872,0.0183,0.10800000000000001,0.385,170.03599999999997,4
Comethazine,129.0,43.0,0.813,0.586,-9.762,0.273,0.08900000000000001,0.23800000000000002,0.7440000000000001,160.043,7
JID,14.0,3.5,0.6884999999999999,0.823,-4.728,0.3245,0.0419,0.18949999999999997,0.43900000000000006,88.10400000000001,1
Earl Sweatshirt,11.0,1.1,0.5035000000000001,0.714,-5.0685,0.277,0.10705,0.395,0.577,126.53299999999999,3
City Girls,292.0,97.33333333333333,0.7879999999999999,0.638,-4.713,0.18899999999999997,0.121,0.166,0.48100000000000004,97.075,7
JENNIE,2.0,2.0,0.7509999999999999,0.642,-5.165,0.087,0.0861,0.0953,0.38799999999999996,95.045,9
Stan Kenton,18.0,18.0,0.534,0.21100000000000002,-12.715,0.0247,0.46399999999999997,0.132,0.193,93.236,6
Peter Manos,20.0,20.0,0.499,0.18100000000000002,-15.359000000000002,0.0429,0.745,0.106,0.0747,111.956,0
Gwen Stefani,11.0,11.0,0.635,0.87,-4.291,0.04,0.0156,0.11800000000000001,0.912,93.0,4
Kylie Minogue,5.0,5.0,0.685,0.391,-7.183,0.0435,0.7440000000000001,0.142,0.44299999999999995,87.101,6
Ella Fitzgerald,11.0,5.5,0.5435,0.39449999999999996,-10.021,0.0518,0.7484999999999999,0.21700000000000003,0.74,115.7875,6
Donny Hathaway,14.0,14.0,0.634,0.645,-9.2,0.0376,0.292,0.24600000000000002,0.677,93.05,5
Shakin' Stevens,4.0,2.0,0.5595,0.8545,-3.4665,0.0434,0.184,0.222,0.8945,95.3965,1
Leona Lewis,5.0,5.0,0.6409999999999999,0.794,-4.906000000000001,0.0369,0.49700000000000005,0.32899999999999996,0.767,112.994,1
Johnny Mathis,2.0,2.0,0.605,0.664,-8.95,0.0274,0.698,0.121,0.8859999999999999,103.178,2
Nina Nesbitt,3.0,3.0,0.324,0.19699999999999998,-10.191,0.0337,0.8009999999999999,0.115,0.33799999999999997,178.893,6
Jessie J,3.0,3.0,0.626,0.6759999999999999,-3.178,0.0739,0.608,0.493,0.684,140.67700000000002,3
Train,3.0,3.0,0.45799999999999996,0.831,-2.187,0.0654,0.0031,0.337,0.5720000000000001,81.531,1
Céline Dion,2.0,2.0,0.34299999999999997,0.6,-5.254,0.0302,0.451,0.27899999999999997,0.158,172.044,5
Backstreet Boys,3.0,1.5,0.6195,0.687,-5.759500000000001,0.025,0.1915,0.09985,0.482,121.5525,9
Jordan Smith,2.0,2.0,0.327,0.223,-8.975,0.0336,0.932,0.192,0.172,109.568,0
Hannah Kerr,2.0,2.0,0.6759999999999999,0.41200000000000003,-7.97,0.0347,0.7959999999999999,0.139,0.47,124.891,6
Norah Jones,1.0,1.0,0.475,0.068,-20.032,0.0319,0.893,0.105,0.266,95.165,0
SHAED,158.0,158.0,0.619,0.45899999999999996,-5.782,0.0334,0.56,0.13699999999999998,0.498,126.803,2
Calboy,436.0,436.0,0.74,0.488,-7.664,0.27,0.23399999999999999,0.24100000000000002,0.584,149.042,7
Pedro Capó,106.0,106.0,0.826,0.773,-4.218,0.0524,0.32299999999999995,0.14300000000000002,0.7609999999999999,126.899,4
Bring Me The Horizon,2.0,1.0,0.6065,0.865,-3.9335,0.0362,0.011765,0.20245000000000002,0.46599999999999997,102.0235,1
Anuel AA,269.0,67.25,0.768,0.8,-3.3985000000000003,0.1061,0.3325,0.0891,0.653,93.613,4
Blueface,390.0,65.0,0.8895,0.617,-8.107,0.27449999999999997,0.053200000000000004,0.1225,0.4975,105.5495,9
Shoreline Mafia,21.0,21.0,0.9,0.385,-12.189,0.435,0.371,0.142,0.488,99.964,6
Jeremy Zucker,110.0,27.5,0.7805,0.1705,-13.545,0.05735,0.76,0.2595,0.621,98.055,0
Gesaffelstein,42.0,42.0,0.6579999999999999,0.6709999999999999,-12.21,0.0363,0.0933,0.115,0.166,100.96600000000001,2
Lauren Jauregui,1.0,1.0,0.595,0.442,-12.899000000000001,0.282,0.0709,0.139,0.297,48.702,6
James Blake,8.0,8.0,0.754,0.37,-9.854,0.12,0.40299999999999997,0.107,0.228,114.941,6
Paulo Londra,1.0,1.0,0.767,0.7090000000000001,-4.47,0.336,0.32299999999999995,0.0676,0.72,171.993,4
Cooliecut,1.0,1.0,0.722,0.654,-7.115,0.0279,0.65,0.13699999999999998,0.55,119.93,2
Corey,1.0,1.0,0.445,0.442,-21.101999999999997,0.795,0.762,0.369,0.254,82.729,0
Kid Trunks,1.0,1.0,0.856,0.39299999999999996,-7.348,0.457,0.0304,0.0959,0.11900000000000001,161.984,9
Flyboy Tarantino,2.0,1.0,0.6955,0.42650000000000005,-10.4205,0.0527,0.6515,0.10155,0.623,109.0455,6
Tankhead,1.0,1.0,0.772,0.638,-5.122000000000001,0.34700000000000003,0.0515,0.392,0.47,145.023,3
Vampire Weekend,16.0,1.7777777777777777,0.653,0.457,-7.057,0.0568,0.266,0.0992,0.579,119.96799999999999,2
Boogie,1.0,1.0,0.866,0.51,-6.254,0.256,0.0146,0.107,0.171,106.949,9
Dominic Fike,99.0,99.0,0.815,0.518,-6.593999999999999,0.0897,0.223,0.10400000000000001,0.877,151.891,9
Lewis Capaldi,594.0,148.5,0.505,0.35650000000000004,-6.7545,0.0475,0.8484999999999999,0.0982,0.3095,111.54150000000001,6
Lennon Stella,3.0,3.0,0.6890000000000001,0.679,-5.893,0.0517,0.195,0.22399999999999998,0.475,149.972,7
Mabel,147.0,73.5,0.648,0.8384999999999999,-2.926,0.15949999999999998,0.48150000000000004,0.09265,0.427,148.3495,4
Kacey Musgraves,21.0,4.2,0.555,0.429,-7.697,0.0306,0.718,0.107,0.349,130.36700000000002,6
Alicia Keys,2.0,1.0,0.5700000000000001,0.46799999999999997,-7.2995,0.074,0.525,0.08715,0.3435,123.88649999999998,2
YUNGBLUD,36.0,18.0,0.4675,0.819,-4.522,0.1295,0.010239999999999999,0.14750000000000002,0.4215,160.0425,4
Netsky,1.0,1.0,0.7090000000000001,0.784,-3.182,0.1,0.23,0.147,0.584,97.007,4
Quinn XCII,1.0,1.0,0.605,0.73,-7.871,0.0425,0.087,0.187,0.263,130.025,7
Summer Walker,222.0,15.857142857142858,0.6479999999999999,0.43700000000000006,-6.6815,0.10464999999999999,0.3465,0.111,0.2825,105.447,2
Jonas Brothers,775.0,36.904761904761905,0.725,0.598,-6.039,0.0588,0.0369,0.11,0.61,118.051,9
Solange,16.0,1.6,0.6625,0.4135,-7.3385,0.052750000000000005,0.5235000000000001,0.164,0.368,104.89,2
Lil Nas X,1033.0,103.3,0.7280000000000001,0.589,-5.805,0.09145,0.07865,0.1175,0.5675,138.068,9
YK Osiris,221.0,221.0,0.7490000000000001,0.535,-4.053999999999999,0.0638,0.517,0.0942,0.45899999999999996,124.008,9
TOMORROW X TOGETHER,1.0,1.0,0.622,0.8,-5.819,0.0425,0.0505,0.0619,0.58,110.977,4
The Black Keys,3.0,1.0,0.505,0.679,-7.296,0.0321,0.0151,0.0962,0.565,122.016,9
FLETCHER,44.0,44.0,0.613,0.579,-6.484,0.0833,0.489,0.126,0.551,91.863,2
Roddy Ricch,674.0,56.166666666666664,0.7785,0.5914999999999999,-8.063500000000001,0.2635,0.086,0.18,0.4595,130.00150000000002,7
NLE Choppa,674.0,74.88888888888889,0.7809999999999999,0.627,-5.257999999999999,0.233,0.0849,0.124,0.555,120.08,4
Tame Impala,307.0,21.928571428571427,0.609,0.7925,-5.444,0.03615,0.027,0.16949999999999998,0.5680000000000001,116.4125,7
Jacquees,1.0,1.0,0.51,0.624,-5.977,0.16,0.0105,0.102,0.575,196.05900000000003,9
Lizzo,893.0,127.57142857142857,0.715,0.722,-3.0460000000000003,0.11,0.0573,0.358,0.588,119.93,3
Polo G,456.0,76.0,0.775,0.664,-6.3995,0.33099999999999996,0.123,0.07135,0.46349999999999997,139.124,9
ROSALÍA,63.0,31.5,0.831,0.724,-3.6595,0.1745,0.42600000000000005,0.09655000000000001,0.6625,94.95750000000001,9
Cage The Elephant,1.0,1.0,0.602,0.946,-2.298,0.0654,0.066,0.38799999999999996,0.58,141.925,3
DaBaby,1548.0,86.0,0.836,0.6745000000000001,-5.0605,0.294,0.0676,0.128,0.7024999999999999,128.3715,4
Tom Walker,3.0,3.0,0.5670000000000001,0.696,-5.416,0.301,0.456,0.113,0.544,92.061,9
Aventura,2.0,2.0,0.77,0.775,-4.65,0.0349,0.17800000000000002,0.0651,0.848,124.015,4
Madonna,1.0,1.0,0.8140000000000001,0.6829999999999999,-7.091,0.304,0.0596,0.6709999999999999,0.473,91.963,8
DJ Luian,26.0,26.0,0.857,0.647,-4.152,0.0984,0.391,0.0842,0.5529999999999999,95.98200000000001,9
Kina,50.0,50.0,0.498,0.235,-16.541,0.188,0.72,0.14400000000000002,0.0895,118.917,0
Kevin Abstract,1.0,1.0,0.6459999999999999,0.6809999999999999,-5.847,0.0764,0.6829999999999999,0.107,0.42100000000000004,131.89600000000002,2
Bastille,1.0,1.0,0.555,0.9229999999999999,-4.748,0.161,0.19699999999999998,0.0778,0.363,118.007,4
MEDUZA,44.0,22.0,0.6375,0.635,-7.7325,0.035500000000000004,0.0847,0.10700000000000001,0.5800000000000001,124.0075,9
Jhené Aiko,122.0,7.176470588235294,0.511,0.451,-10.424000000000001,0.153,0.5720000000000001,0.13699999999999998,0.35,106.029,6
blink-182,9.0,1.2857142857142858,0.513,0.9179999999999999,-4.096,0.0836,0.00797,0.124,0.607,155.11,4
Lunay,160.0,160.0,0.795,0.7829999999999999,-4.271,0.0432,0.361,0.43700000000000006,0.8,92.016,3
ILLENIUM,53.0,13.25,0.46699999999999997,0.775,-4.736,0.0458,0.02955,0.116,0.2545,110.0445,4
Slipknot,6.0,1.5,0.38150000000000006,0.9525,-3.016,0.08335000000000001,0.000292,0.1335,0.359,133.75900000000001,4
Megan Thee Stallion,404.0,67.33333333333333,0.853,0.736,-4.736000000000001,0.2965,0.0235,0.1725,0.548,147.0095,4
Sech,138.0,138.0,0.725,0.79,-2.331,0.19699999999999998,0.0711,0.0602,0.763,175.988,4
Lee Brice,83.0,83.0,0.655,0.56,-6.857,0.0486,0.7490000000000001,0.115,0.599,140.975,2
Lil Tecca,923.0,71.0,0.7170000000000001,0.5920000000000001,-7.146,0.266,0.0608,0.111,0.434,140.001,9
Eli Young Band,35.0,35.0,0.6,0.851,-4.645,0.0388,0.00566,0.0891,0.727,98.007,4
Herve Pagez,1.0,1.0,0.8370000000000001,0.818,-4.474,0.0533,0.0527,0.11,0.484,109.993,4
Jhay Cortez,177.0,177.0,0.8059999999999999,0.7859999999999999,-3.8310000000000004,0.0741,0.145,0.0935,0.58,91.973,4
Dreamville,329.0,18.27777777777778,0.671,0.6595,-6.1705000000000005,0.364,0.2935,0.15650000000000003,0.391,132.51,7
Blanco Brown,117.0,117.0,0.847,0.6779999999999999,-8.635,0.109,0.0669,0.27399999999999997,0.8109999999999999,97.984,1
Shordie Shordie,53.0,53.0,0.762,0.38299999999999995,-10.097999999999999,0.20199999999999999,0.349,0.127,0.44,92.947,2
Ali Gatie,357.0,119.0,0.605,0.46299999999999997,-6.972,0.0287,0.374,0.145,0.22399999999999998,95.971,2
Free Nationals,1.0,1.0,0.46,0.7709999999999999,-7.087999999999999,0.32799999999999996,0.518,0.0774,0.29600000000000004,88.83,2
Ashley O,52.0,52.0,0.737,0.81,-6.354,0.0896,0.077,0.0523,0.387,125.005,4
Y2K,291.0,291.0,0.843,0.391,-7.899,0.0845,0.18100000000000002,0.13699999999999998,0.496,129.972,2
Sam Feldt,124.0,124.0,0.59,0.642,-3.87,0.122,0.0771,0.105,0.6509999999999999,107.35600000000001,4
88-Keys,6.0,6.0,0.525,0.774,-4.532,0.24100000000000002,0.24,0.495,0.526,154.192,3
E-40,1.0,1.0,0.893,0.7759999999999999,-5.356,0.293,0.00607,0.10300000000000001,0.22899999999999998,91.98700000000001,4
Sebastian Yatra,1.0,1.0,0.777,0.848,-3.326,0.0508,0.0323,0.0745,0.96,150.013,4
WILLOW,1.0,1.0,0.764,0.705,-5.279,0.0278,0.0371,0.0943,0.672,101.00299999999999,4
Don McLean,2.0,2.0,0.531,0.48100000000000004,-11.709000000000001,0.06,0.6990000000000001,0.0842,0.491,138.45,6
Saweetie,175.0,175.0,0.899,0.8109999999999999,-6.294,0.258,0.000677,0.0672,0.5870000000000001,105.038,4
John Mellencamp,1.0,1.0,0.8109999999999999,0.41,-8.214,0.0392,0.0365,0.0799,0.625,103.94,9
Ambjaay,91.0,91.0,0.978,0.47700000000000004,-8.158999999999999,0.155,0.000143,0.133,0.196,110.00200000000001,9
iann dior,48.0,24.0,0.6859999999999999,0.7915000000000001,-6.2755,0.027549999999999998,0.436,0.20734999999999998,0.6375,109.4735,7
Blue Ivy,14.0,14.0,0.603,0.602,-7.082999999999999,0.23,0.049,0.27899999999999997,0.595,119.70299999999999,1
Oliver Tree,7.0,3.5,0.6365,0.6375,-5.4625,0.0738,0.06175,0.21000000000000002,0.579,145.043,7
Tones And I,301.0,100.33333333333333,0.7559999999999999,0.5539999999999999,-5.624,0.037000000000000005,0.43,0.158,0.513,98.027,7
Lil Durk,1.0,1.0,0.87,0.7090000000000001,-4.684,0.235,0.0186,0.107,0.129,138.01,4
TOOL,30.0,2.142857142857143,0.35250000000000004,0.6415,-9.235499999999998,0.0403,0.00183,0.1095,0.189,132.297,2
Clairo,1.0,1.0,0.759,0.436,-11.232999999999999,0.0419,0.33,0.102,0.782,94.03,6
Tyler Childers,1.0,1.0,0.508,0.725,-7.202999999999999,0.0398,0.524,0.479,0.9159999999999999,166.872,3
Labrinth,23.0,23.0,0.348,0.652,-7.145,0.0931,0.0165,0.33,0.172,70.956,5
SiR,7.0,7.0,0.7929999999999999,0.49,-10.984000000000002,0.285,0.25,0.43200000000000005,0.46799999999999997,120.09899999999999,5
Lil Tjay,348.0,43.5,0.7135,0.6085,-7.8485,0.22399999999999998,0.246,0.07955000000000001,0.4435,121.04899999999999,9
Swae Lee,18.0,9.0,0.8440000000000001,0.45400000000000007,-9.443999999999999,0.1285,0.027895000000000003,0.1185,0.258,148.988,2
Doja Cat,427.0,61.0,0.7859999999999999,0.657,-5.457000000000001,0.11599999999999999,0.24,0.0967,0.575,125.98899999999999,9
Tainy,7.0,7.0,0.7340000000000001,0.836,-4.803,0.0735,0.017,0.179,0.623,80.002,4
Missy Elliott,1.0,1.0,0.8540000000000001,0.637,-5.877000000000001,0.218,0.0033200000000000005,0.10300000000000001,0.509,158.015,4
Melanie Martinez,54.0,4.909090909090909,0.664,0.655,-6.653,0.0949,0.42,0.174,0.563,95.947,7
Grimes,1.0,1.0,0.5329999999999999,0.9,-4.974,0.0498,0.0014,0.127,0.0774,99.99,4
Major Lazer,43.0,14.333333333333334,0.6579999999999999,0.765,-7.002000000000001,0.0536,0.0471,0.0936,0.37799999999999995,119.97399999999999,9
FKA twigs,2.0,1.0,0.484,0.5235,-9.113,0.14400000000000002,0.5875,0.1023,0.1975,148.2885,6
Rex Orange County,16.0,2.6666666666666665,0.6100000000000001,0.422,-7.730499999999999,0.05035,0.6495000000000001,0.11499999999999999,0.32699999999999996,126.02250000000001,6
24kGoldn,238.0,119.0,0.7164999999999999,0.629,-4.917,0.11415,0.1205,0.09975,0.6235,135.5245,4
Regard,77.0,77.0,0.88,0.7509999999999999,-4.258,0.0874,0.177,0.106,0.884,117.948,4
Gang Starr,2.0,2.0,0.72,0.768,-3.804,0.285,0.17600000000000002,0.11800000000000001,0.7090000000000001,90.17299999999999,4
TWICE,2.0,2.0,0.7090000000000001,0.9590000000000001,-1.339,0.0603,0.0296,0.107,0.644,128.983,4
j-hope,1.0,1.0,0.826,0.8170000000000001,-4.081,0.0921,0.00502,0.294,0.168,97.053,1
Ashnikko,22.0,22.0,0.772,0.637,-6.881,0.114,0.0045899999999999995,0.0778,0.54,149.906,9
Dermot Kennedy,4.0,4.0,0.614,0.684,-5.79,0.157,0.247,0.0976,0.258,156.85,9
Internet Money,103.0,103.0,0.63,0.6709999999999999,-6.659,0.256,0.363,0.113,0.33299999999999996,89.921,9
Arizona Zervas,238.0,119.0,0.7215,0.588,-5.783,0.1207,0.0826,0.28300000000000003,0.5365,108.411,1
Black Eyed Peas,120.0,120.0,0.721,0.716,-7.037000000000001,0.0657,0.0334,0.237,0.667,104.994,1
Kaash Paige,8.0,8.0,0.6409999999999999,0.355,-10.599,0.0906,0.831,0.11,0.45299999999999996,120.03200000000001,6
Little Nell,1.0,1.0,0.387,0.665,-11.323,0.225,0.145,0.092,0.541,174.896,2
Screamin' Jay Hawkins,1.0,1.0,0.733,0.39899999999999997,-12.085999999999999,0.094,0.59,0.0766,0.9,173.78099999999998,6
Ant Saunders,104.0,104.0,0.866,0.43799999999999994,-8.943,0.0719,0.177,0.0743,0.695,129.039,2
JP Saxe,150.0,150.0,0.46399999999999997,0.473,-10.086,0.129,0.866,0.109,0.604,75.801,6
KAROL G,146.0,146.0,0.8029999999999999,0.715,-3.28,0.298,0.295,0.0574,0.574,101.085,4
Trevor Daniel,153.0,153.0,0.784,0.43,-8.756,0.0364,0.12300000000000001,0.0887,0.23600000000000002,127.087,2
Glass Animals,1.0,1.0,0.708,0.496,-8.175,0.0496,0.0816,0.102,0.41200000000000003,128.914,9
Rod Wave,116.0,10.545454545454545,0.6759999999999999,0.532,-10.65,0.14800000000000002,0.253,0.10400000000000001,0.397,117.994,2
Stormzy,6.0,6.0,0.8170000000000001,0.7809999999999999,-4.178,0.11199999999999999,0.00838,0.12300000000000001,0.359,104.0,4
Idina Menzel,122.0,61.0,0.32199999999999995,0.41700000000000004,-7.802999999999999,0.035750000000000004,0.7865000000000001,0.0993,0.22399999999999998,134.26149999999998,6
Jonathan Groff,8.0,8.0,0.366,0.478,-6.972,0.0277,0.695,0.124,0.293,149.30700000000002,6
Stunna 4 Vegas,59.0,29.5,0.893,0.6679999999999999,-7.01,0.41700000000000004,0.0359,0.16699999999999998,0.789,138.9555,7
Don Toliver,219.0,19.90909090909091,0.703,0.655,-6.226,0.0642,0.253,0.129,0.414,140.047,9
Kristen Bell,5.0,5.0,0.5660000000000001,0.5429999999999999,-4.485,0.0314,0.613,0.106,0.299,89.93700000000001,2
Josh Gad,2.0,2.0,0.73,0.326,-7.001,0.26,0.705,0.10300000000000001,0.434,116.89299999999999,6
Conan Gray,134.0,44.666666666666664,0.628,0.639,-5.46,0.0435,0.0178,0.17,0.493,108.045,7
TOKYO’S REVENGE,119.0,119.0,0.907,0.539,-7.782,0.36,0.0408,0.253,0.664,124.91799999999999,1
Joni Mitchell,1.0,1.0,0.405,0.152,-13.901,0.0395,0.9790000000000001,0.10400000000000001,0.38299999999999995,61.34,0
JACKBOYS,176.0,35.2,0.643,0.594,-5.191,0.225,0.071,0.163,0.309,123.34200000000001,7
Olivia Rodrigo,87.0,87.0,0.376,0.43,-6.585,0.0328,0.0902,0.0912,0.129,77.59899999999999,2
DJ Diddy,1.0,1.0,0.8440000000000001,0.573,-4.046,0.0623,0.07400000000000001,0.10400000000000001,0.435,120.04,4
Likybo,6.0,6.0,0.6890000000000001,0.701,-9.477,0.237,0.314,0.12300000000000001,0.37,94.98200000000001,2
Rush,1.0,1.0,0.536,0.9009999999999999,-7.211,0.0374,0.00145,0.06,0.6659999999999999,87.559,4
Matthew Wilder,15.0,15.0,0.917,0.588,-11.047,0.0607,0.195,0.0914,0.828,110.07700000000001,2
Surfaces,86.0,86.0,0.878,0.525,-6.832000000000001,0.0578,0.183,0.0714,0.6940000000000001,112.022,9
K CAMP,45.0,45.0,0.915,0.556,-8.601,0.21600000000000003,0.0145,0.0733,0.67,148.964,9
Hayley Williams,2.0,2.0,0.79,0.599,-7.417000000000001,0.0431,0.218,0.11800000000000001,0.36200000000000004,109.978,9
Jack Harlow,81.0,40.5,0.911,0.6475,-7.1125,0.14735,0.0985,0.20350000000000001,0.8454999999999999,126.50650000000002,7
Porter Robinson,1.0,1.0,0.542,0.684,-5.843999999999999,0.0508,0.0997,0.125,0.442,95.00399999999999,9
The Kid LAROI,12.0,6.0,0.7934999999999999,0.5965,-7.62,0.0948,0.01139,0.1018,0.42700000000000005,139.95850000000002,9
Pop Smoke,109.0,15.571428571428571,0.6409999999999999,0.7440000000000001,-5.402,0.244,0.142,0.196,0.612,142.054,7
Powfu,60.0,60.0,0.726,0.431,-8.765,0.135,0.731,0.696,0.348,144.026,8
Brent Faiyaz,51.0,51.0,0.764,0.396,-8.566,0.159,0.22699999999999998,0.12,0.475,92.006,2
Ashe,53.0,53.0,0.5720000000000001,0.406,-8.624,0.0427,0.5870000000000001,0.102,0.265,119.81200000000001,6
Ozzy Osbourne,2.0,2.0,0.47200000000000003,0.996,-0.578,0.16,0.00687,0.392,0.114,117.00399999999999,3
SAINt JHN,49.0,49.0,0.784,0.721,-5.457000000000001,0.0506,0.0149,0.285,0.895,121.96600000000001,1
G Herbo,45.0,45.0,0.883,0.8079999999999999,-3.158,0.183,0.0317,0.207,0.805,119.012,1
Delacey,14.0,14.0,0.677,0.878,-3.497,0.213,0.0883,0.154,0.22699999999999998,90.04799999999999,4
BENEE,42.0,42.0,0.863,0.631,-4.689,0.0534,0.305,0.12300000000000001,0.8170000000000001,128.977,9
Dixie Chicks,2.0,2.0,0.6809999999999999,0.728,-7.317,0.0513,0.00624,0.055,0.693,131.017,9
Jay Electronica,3.0,1.5,0.483,0.6815,-9.4225,0.41800000000000004,0.01645,0.373,0.6995,127.7295,3
DripReport,27.0,27.0,0.903,0.327,-9.727,0.0877,0.26,0.10800000000000001,0.27399999999999997,100.008,2
Kenny Rogers,2.0,2.0,0.6709999999999999,0.501,-13.119000000000002,0.0594,0.342,0.19399999999999998,0.86,87.04,6
Dolly Parton,1.0,1.0,0.618,0.41200000000000003,-12.075,0.0368,0.675,0.0886,0.74,203.933,6
Murda Beatz,3.0,3.0,0.743,0.55,-6.521,0.436,0.42,0.162,0.564,141.864,7
Surf Mesa,11.0,11.0,0.674,0.774,-7.567,0.0892,0.0686,0.39299999999999996,0.33,112.05,3
Bill Withers,7.0,2.3333333333333335,0.619,0.41100000000000003,-11.444,0.0667,0.493,0.109,0.5,78.414,6
Turbo,1.0,1.0,0.787,0.518,-8.084,0.268,0.541,0.132,0.327,91.344,2
Grouplove,6.0,6.0,0.56,0.9359999999999999,-5.835,0.0439,0.00847,0.161,0.371,112.96,4
John Prine,3.0,1.0,0.585,0.27699999999999997,-14.231,0.0318,0.67,0.114,0.48100000000000004,140.666,0
Leon Bridges,2.0,2.0,0.693,0.259,-7.917999999999999,0.0372,0.44799999999999995,0.0995,0.361,88.97200000000001,6
The Strokes,11.0,1.5714285714285714,0.579,0.7140000000000001,-4.455,0.0364,0.0136,0.111,0.358,119.89399999999999,4
Bankrol Hayden,2.0,2.0,0.888,0.516,-10.228,0.41,0.14800000000000002,0.106,0.606,127.803,2
